target,step,arrival_rate_multiplier,in_range,alpha_t,aci_width,rolling_coverage_static,rolling_coverage_aci
n_patients,0,0.8,True,0.1,43.6230392055831,1.0,1.0
n_patients,1,0.8,True,0.10500000000000001,43.38009823388131,1.0,1.0
n_patients,2,0.8,True,0.11000000000000001,42.402125143452054,0.6666666666666666,0.6666666666666666
n_patients,3,0.8,True,0.065,48.764381326617865,0.75,0.75
n_patients,4,0.8,True,0.07,47.771529365851165,0.8,0.8
n_patients,5,0.8,True,0.07500000000000001,46.89024057579854,0.8333333333333334,0.8333333333333334
n_patients,6,0.8,True,0.08000000000000002,45.907395559447366,0.8571428571428571,0.8571428571428571
n_patients,7,0.8,True,0.08500000000000002,45.09323076092119,0.875,0.875
n_patients,8,0.8,True,0.09000000000000002,44.730515722820655,0.8888888888888888,0.8888888888888888
n_patients,9,0.8,True,0.09500000000000003,44.22385125499716,0.9,0.9
n_patients,10,0.8,True,0.10000000000000003,43.6230392055831,0.9090909090909091,0.9090909090909091
n_patients,11,0.8,True,0.10500000000000004,43.38009823388131,0.9166666666666666,0.9166666666666666
n_patients,12,0.8,True,0.11000000000000004,42.402125143452054,0.9230769230769231,0.9230769230769231
n_patients,13,0.8,True,0.11500000000000005,41.62406856410837,0.9285714285714286,0.9285714285714286
n_patients,14,0.8,True,0.12000000000000005,41.30390616731171,0.9333333333333333,0.9333333333333333
n_patients,15,0.8,True,0.12500000000000006,40.815058440888436,0.9375,0.9375
n_patients,16,0.8,True,0.13000000000000006,40.137344325463516,0.8823529411764706,0.8823529411764706
n_patients,17,0.8,True,0.08500000000000005,45.09323076092119,0.8888888888888888,0.8888888888888888
n_patients,18,0.8,True,0.09000000000000005,44.730515722820655,0.8947368421052632,0.8947368421052632
n_patients,19,0.8,True,0.09500000000000006,44.22385125499716,0.9,0.9
n_patients,20,0.8,True,0.10000000000000006,43.6230392055831,0.9047619047619048,0.9047619047619048
n_patients,21,0.8,True,0.10500000000000007,43.38009823388131,0.9090909090909091,0.9090909090909091
n_patients,22,0.8,True,0.11000000000000007,42.402125143452054,0.9130434782608695,0.9130434782608695
n_patients,23,0.8,True,0.11500000000000007,41.62406856410837,0.9166666666666666,0.9166666666666666
n_patients,24,0.8,True,0.12000000000000008,41.30390616731171,0.92,0.92
n_patients,25,0.8,True,0.12500000000000008,40.815058440888436,0.9230769230769231,0.9230769230769231
n_patients,26,0.8,True,0.1300000000000001,40.137344325463516,0.9259259259259259,0.9259259259259259
n_patients,27,0.8,True,0.1350000000000001,39.11333254946442,0.9285714285714286,0.9285714285714286
n_patients,28,0.8,True,0.1400000000000001,38.36159100236148,0.9310344827586207,0.9310344827586207
n_patients,29,0.8,True,0.1450000000000001,37.51953297977525,0.9333333333333333,0.9333333333333333
n_patients,30,0.8,True,0.1500000000000001,36.99014576737915,0.9354838709677419,0.9354838709677419
n_patients,31,0.8,True,0.1550000000000001,36.35117210370623,0.9375,0.9375
n_patients,32,0.8,True,0.16000000000000011,36.02188322648533,0.9393939393939394,0.9393939393939394
n_patients,33,0.8,True,0.16500000000000012,35.540906047939245,0.9411764705882353,0.9411764705882353
n_patients,34,0.8,True,0.17000000000000012,34.73720088759558,0.9428571428571428,0.9428571428571428
n_patients,35,0.8,True,0.17500000000000013,34.2199162102271,0.9444444444444444,0.9444444444444444
n_patients,36,0.8,True,0.18000000000000013,33.98922842774954,0.9459459459459459,0.9459459459459459
n_patients,37,0.8,True,0.18500000000000014,33.412253455923576,0.9210526315789473,0.9210526315789473
n_patients,38,0.8,True,0.14000000000000012,38.36159100236148,0.9230769230769231,0.9230769230769231
n_patients,39,0.8,True,0.14500000000000013,37.51953297977525,0.925,0.925
n_patients,40,0.8,True,0.15000000000000013,36.99014576737915,0.926829268292683,0.926829268292683
n_patients,41,0.8,True,0.15500000000000014,36.35117210370623,0.9285714285714286,0.9285714285714286
n_patients,42,0.8,True,0.16000000000000014,36.02188322648533,0.9302325581395349,0.9302325581395349
n_patients,43,0.8,True,0.16500000000000015,35.540906047939245,0.9318181818181818,0.9318181818181818
n_patients,44,0.8,True,0.17000000000000015,34.73720088759558,0.9333333333333333,0.9333333333333333
n_patients,45,0.8,True,0.17500000000000016,34.2199162102271,0.9347826086956522,0.9347826086956522
n_patients,46,0.8,True,0.18000000000000016,33.98922842774954,0.9361702127659575,0.9361702127659575
n_patients,47,0.8,True,0.18500000000000016,33.412253455923576,0.9375,0.9375
n_patients,48,0.8,True,0.19000000000000017,32.93024997080215,0.9387755102040817,0.9387755102040817
n_patients,49,0.8,True,0.19500000000000017,32.39835655847389,0.94,0.94
n_patients,50,0.8,True,0.20000000000000018,31.792356083676736,0.9411764705882353,0.9215686274509803
n_patients,51,0.8,True,0.15500000000000017,36.35117210370623,0.9423076923076923,0.9230769230769231
n_patients,52,0.8,True,0.16000000000000017,36.02188322648533,0.9433962264150944,0.9245283018867925
n_patients,53,0.8,True,0.16500000000000017,35.540906047939245,0.9444444444444444,0.9259259259259259
n_patients,54,0.8,True,0.17000000000000018,34.73720088759558,0.9454545454545454,0.9272727272727272
n_patients,55,0.8,True,0.17500000000000018,34.2199162102271,0.9464285714285714,0.9285714285714286
n_patients,56,0.8,True,0.1800000000000002,33.98922842774954,0.9473684210526315,0.9298245614035088
n_patients,57,0.8,True,0.1850000000000002,33.412253455923576,0.9482758620689655,0.9310344827586207
n_patients,58,0.8,True,0.1900000000000002,32.93024997080215,0.9491525423728814,0.9322033898305084
n_patients,59,0.8,True,0.1950000000000002,32.39835655847389,0.95,0.9333333333333333
n_patients,60,1.0,True,0.2000000000000002,31.792356083676736,0.95,0.9333333333333333
n_patients,61,1.0,True,0.2050000000000002,31.38440724615498,0.95,0.9333333333333333
n_patients,62,1.0,True,0.21000000000000021,31.25805106728245,0.9666666666666667,0.95
n_patients,63,1.0,True,0.21500000000000022,30.986587881742537,0.9666666666666667,0.95
n_patients,64,1.0,True,0.22000000000000022,30.75720070967941,0.9666666666666667,0.9333333333333333
n_patients,65,1.0,True,0.1750000000000002,34.2199162102271,0.95,0.9166666666666666
n_patients,66,1.0,True,0.1300000000000002,40.137344325463516,0.95,0.9166666666666666
n_patients,67,1.0,True,0.1350000000000002,39.11333254946442,0.95,0.9166666666666666
n_patients,68,1.0,True,0.1400000000000002,38.36159100236148,0.95,0.9166666666666666
n_patients,69,1.0,True,0.1450000000000002,37.51953297977525,0.95,0.9166666666666666
n_patients,70,1.0,True,0.15000000000000022,36.99014576737915,0.95,0.9166666666666666
n_patients,71,1.0,True,0.15500000000000022,36.35117210370623,0.95,0.9166666666666666
n_patients,72,1.0,True,0.16000000000000023,36.02188322648533,0.95,0.9166666666666666
n_patients,73,1.0,True,0.16500000000000023,35.540906047939245,0.95,0.9166666666666666
n_patients,74,1.0,True,0.17000000000000023,34.73720088759558,0.95,0.9166666666666666
n_patients,75,1.0,True,0.17500000000000024,34.2199162102271,0.95,0.9166666666666666
n_patients,76,1.0,True,0.18000000000000024,33.98922842774954,0.9666666666666667,0.9333333333333333
n_patients,77,1.0,True,0.18500000000000025,33.412253455923576,0.9666666666666667,0.9333333333333333
n_patients,78,1.0,True,0.19000000000000025,32.93024997080215,0.9666666666666667,0.9333333333333333
n_patients,79,1.0,True,0.19500000000000026,32.39835655847389,0.9666666666666667,0.9333333333333333
n_patients,80,1.0,True,0.20000000000000026,31.792356083676736,0.95,0.9166666666666666
n_patients,81,1.0,True,0.15500000000000025,36.35117210370623,0.95,0.9166666666666666
n_patients,82,1.0,True,0.16000000000000025,36.02188322648533,0.95,0.9166666666666666
n_patients,83,1.0,True,0.16500000000000026,35.540906047939245,0.95,0.9166666666666666
n_patients,84,1.0,True,0.17000000000000026,34.73720088759558,0.95,0.9166666666666666
n_patients,85,1.0,True,0.17500000000000027,34.2199162102271,0.95,0.9166666666666666
n_patients,86,1.0,True,0.18000000000000027,33.98922842774954,0.95,0.9166666666666666
n_patients,87,1.0,True,0.18500000000000028,33.412253455923576,0.95,0.9166666666666666
n_patients,88,1.0,True,0.19000000000000028,32.93024997080215,0.95,0.9166666666666666
n_patients,89,1.0,True,0.19500000000000028,32.39835655847389,0.95,0.9
n_patients,90,1.0,True,0.15000000000000027,36.99014576737915,0.95,0.9
n_patients,91,1.0,True,0.15500000000000028,36.35117210370623,0.95,0.9
n_patients,92,1.0,True,0.16000000000000028,36.02188322648533,0.95,0.9
n_patients,93,1.0,True,0.16500000000000029,35.540906047939245,0.95,0.9
n_patients,94,1.0,True,0.1700000000000003,34.73720088759558,0.95,0.9
n_patients,95,1.0,True,0.1750000000000003,34.2199162102271,0.95,0.9
n_patients,96,1.0,True,0.1800000000000003,33.98922842774954,0.95,0.8833333333333333
n_patients,97,1.0,True,0.1350000000000003,39.11333254946442,0.9666666666666667,0.9
n_patients,98,1.0,True,0.1400000000000003,38.36159100236148,0.95,0.8833333333333333
n_patients,99,1.0,True,0.09500000000000028,44.22385125499716,0.95,0.8833333333333333
n_patients,100,1.0,True,0.10000000000000028,43.6230392055831,0.95,0.8833333333333333
n_patients,101,1.0,True,0.10500000000000029,43.38009823388131,0.9333333333333333,0.8666666666666667
n_patients,102,1.0,True,0.06000000000000028,49.63402940288415,0.9333333333333333,0.8666666666666667
n_patients,103,1.0,True,0.06500000000000028,48.764381326617865,0.9166666666666666,0.8666666666666667
n_patients,104,1.0,True,0.07000000000000028,47.771529365851165,0.9166666666666666,0.8666666666666667
n_patients,105,1.0,True,0.07500000000000029,46.89024057579854,0.9166666666666666,0.8666666666666667
n_patients,106,1.0,True,0.0800000000000003,45.907395559447366,0.9166666666666666,0.8666666666666667
n_patients,107,1.0,True,0.0850000000000003,45.09323076092119,0.9166666666666666,0.8666666666666667
n_patients,108,1.0,True,0.0900000000000003,44.730515722820655,0.9166666666666666,0.8666666666666667
n_patients,109,1.0,True,0.0950000000000003,44.22385125499716,0.9166666666666666,0.8666666666666667
n_patients,110,1.0,True,0.10000000000000031,43.6230392055831,0.9,0.8666666666666667
n_patients,111,1.0,True,0.055000000000000306,50.228470634148835,0.9,0.8666666666666667
n_patients,112,1.0,True,0.0600000000000003,49.63402940288415,0.8833333333333333,0.8666666666666667
n_patients,113,1.0,True,0.06500000000000031,48.764381326617865,0.8666666666666667,0.85
n_patients,114,1.0,True,0.020000000000000302,60.210523321912774,0.8666666666666667,0.85
n_patients,115,1.0,True,0.025000000000000303,58.9532769819192,0.8666666666666667,0.85
n_patients,116,1.0,True,0.030000000000000304,57.78731704054178,0.8666666666666667,0.85
n_patients,117,1.0,True,0.03500000000000031,56.234908137957405,0.85,0.8333333333333334
n_patients,118,1.0,True,-0.009999999999999697,85.78954626816505,0.85,0.8333333333333334
n_patients,119,1.0,True,-0.004999999999999696,85.78954626816505,0.85,0.8333333333333334
n_patients,120,1.3,True,3.0531133177191805e-16,85.78954626816505,0.8333333333333334,0.8333333333333334
n_patients,121,1.3,True,0.005000000000000306,81.20036171772688,0.8333333333333334,0.8333333333333334
n_patients,122,1.3,True,0.010000000000000307,68.7455376359801,0.8333333333333334,0.8333333333333334
n_patients,123,1.3,True,0.015000000000000308,64.6127669387198,0.8333333333333334,0.8333333333333334
n_patients,124,1.3,True,0.02000000000000031,60.210523321912774,0.8333333333333334,0.85
n_patients,125,1.3,True,0.02500000000000031,58.9532769819192,0.85,0.8666666666666667
n_patients,126,1.3,True,0.03000000000000031,57.78731704054178,0.85,0.8666666666666667
n_patients,127,1.3,True,0.03500000000000031,56.234908137957405,0.85,0.8666666666666667
n_patients,128,1.3,True,0.04000000000000031,55.7522094787401,0.85,0.8666666666666667
n_patients,129,1.3,True,0.04500000000000032,53.800156509637986,0.85,0.8666666666666667
n_patients,130,1.3,True,0.05000000000000032,52.770103944570906,0.85,0.8666666666666667
n_patients,131,1.3,True,0.055000000000000326,50.228470634148835,0.8333333333333334,0.85
n_patients,132,1.3,True,0.010000000000000321,68.7455376359801,0.8333333333333334,0.85
n_patients,133,1.3,True,0.015000000000000322,64.6127669387198,0.8333333333333334,0.85
n_patients,134,1.3,True,0.020000000000000323,60.210523321912774,0.8333333333333334,0.85
n_patients,135,1.3,True,0.025000000000000324,58.9532769819192,0.8333333333333334,0.85
n_patients,136,1.3,True,0.030000000000000325,57.78731704054178,0.8333333333333334,0.85
n_patients,137,1.3,True,0.03500000000000032,56.234908137957405,0.8333333333333334,0.85
n_patients,138,1.3,True,0.04000000000000033,55.7522094787401,0.8333333333333334,0.85
n_patients,139,1.3,True,0.04500000000000033,53.800156509637986,0.8333333333333334,0.85
n_patients,140,1.3,True,0.050000000000000336,52.770103944570906,0.85,0.8666666666666667
n_patients,141,1.3,True,0.05500000000000034,50.228470634148835,0.85,0.8666666666666667
n_patients,142,1.3,True,0.060000000000000345,49.63402940288415,0.85,0.8666666666666667
n_patients,143,1.3,True,0.06500000000000035,48.764381326617865,0.85,0.8666666666666667
n_patients,144,1.3,True,0.07000000000000035,47.771529365851165,0.85,0.8666666666666667
n_patients,145,1.3,True,0.07500000000000036,46.89024057579854,0.8333333333333334,0.85
n_patients,146,1.3,True,0.030000000000000353,57.78731704054178,0.8333333333333334,0.85
n_patients,147,1.3,True,0.03500000000000035,56.234908137957405,0.8333333333333334,0.85
n_patients,148,1.3,True,0.040000000000000355,55.7522094787401,0.8333333333333334,0.85
n_patients,149,1.3,True,0.04500000000000036,53.800156509637986,0.8333333333333334,0.8666666666666667
n_patients,150,1.3,True,0.050000000000000364,52.770103944570906,0.8333333333333334,0.8666666666666667
n_patients,151,1.3,True,0.05500000000000037,50.228470634148835,0.8333333333333334,0.8666666666666667
n_patients,152,1.3,True,0.06000000000000037,49.63402940288415,0.8333333333333334,0.8666666666666667
n_patients,153,1.3,True,0.06500000000000038,48.764381326617865,0.8333333333333334,0.8666666666666667
n_patients,154,1.3,True,0.07000000000000038,47.771529365851165,0.8333333333333334,0.8666666666666667
n_patients,155,1.3,True,0.07500000000000039,46.89024057579854,0.8333333333333334,0.8666666666666667
n_patients,156,1.3,True,0.08000000000000039,45.907395559447366,0.8333333333333334,0.8833333333333333
n_patients,157,1.3,True,0.0850000000000004,45.09323076092119,0.8333333333333334,0.8833333333333333
n_patients,158,1.3,True,0.0900000000000004,44.730515722820655,0.85,0.9
n_patients,159,1.3,True,0.0950000000000004,44.22385125499716,0.85,0.9
n_patients,160,1.3,True,0.10000000000000041,43.6230392055831,0.85,0.9
n_patients,161,1.3,True,0.10500000000000041,43.38009823388131,0.8666666666666667,0.9166666666666666
n_patients,162,1.3,True,0.11000000000000042,42.402125143452054,0.8666666666666667,0.9166666666666666
n_patients,163,1.3,True,0.11500000000000042,41.62406856410837,0.8833333333333333,0.9166666666666666
n_patients,164,1.3,True,0.12000000000000043,41.30390616731171,0.8833333333333333,0.9
n_patients,165,1.3,True,0.07500000000000043,46.89024057579854,0.8833333333333333,0.9
n_patients,166,1.3,True,0.08000000000000043,45.907395559447366,0.8833333333333333,0.9
n_patients,167,1.3,True,0.08500000000000044,45.09323076092119,0.8833333333333333,0.9
n_patients,168,1.3,True,0.09000000000000044,44.730515722820655,0.8833333333333333,0.9
n_patients,169,1.3,True,0.09500000000000045,44.22385125499716,0.8833333333333333,0.9
n_patients,170,1.3,True,0.10000000000000045,43.6230392055831,0.9,0.9166666666666666
n_patients,171,1.3,True,0.10500000000000045,43.38009823388131,0.9,0.9166666666666666
n_patients,172,1.3,True,0.11000000000000046,42.402125143452054,0.9166666666666666,0.9166666666666666
n_patients,173,1.3,True,0.11500000000000046,41.62406856410837,0.9333333333333333,0.9333333333333333
n_patients,174,1.3,True,0.12000000000000047,41.30390616731171,0.9333333333333333,0.9333333333333333
n_patients,175,1.3,True,0.12500000000000047,40.815058440888436,0.9333333333333333,0.9333333333333333
n_patients,176,1.3,True,0.13000000000000048,40.137344325463516,0.9333333333333333,0.9333333333333333
n_patients,177,1.3,True,0.13500000000000048,39.11333254946442,0.95,0.95
n_patients,178,1.3,True,0.14000000000000049,38.36159100236148,0.95,0.95
n_patients,179,1.3,True,0.1450000000000005,37.51953297977525,0.95,0.95
n_patients,180,1.5,False,0.1500000000000005,36.99014576737915,0.9666666666666667,0.95
n_patients,181,1.5,False,0.1550000000000005,36.35117210370623,0.9666666666666667,0.95
n_patients,182,1.5,False,0.1600000000000005,36.02188322648533,0.9666666666666667,0.95
n_patients,183,1.5,False,0.1650000000000005,35.540906047939245,0.9666666666666667,0.95
n_patients,184,1.5,False,0.1700000000000005,34.73720088759558,0.95,0.9333333333333333
n_patients,185,1.5,False,0.1250000000000005,40.815058440888436,0.9333333333333333,0.9166666666666666
n_patients,186,1.5,False,0.08000000000000049,45.907395559447366,0.9333333333333333,0.9166666666666666
n_patients,187,1.5,False,0.08500000000000049,45.09323076092119,0.9333333333333333,0.9166666666666666
n_patients,188,1.5,False,0.0900000000000005,44.730515722820655,0.9333333333333333,0.9166666666666666
n_patients,189,1.5,False,0.0950000000000005,44.22385125499716,0.9166666666666666,0.9
n_patients,190,1.5,False,0.050000000000000495,52.770103944570906,0.9166666666666666,0.9
n_patients,191,1.5,False,0.05500000000000049,50.228470634148835,0.9166666666666666,0.9166666666666666
n_patients,192,1.5,False,0.0600000000000005,49.63402940288415,0.9166666666666666,0.9166666666666666
n_patients,193,1.5,False,0.0650000000000005,48.764381326617865,0.9166666666666666,0.9166666666666666
n_patients,194,1.5,False,0.0700000000000005,47.771529365851165,0.9,0.9166666666666666
n_patients,195,1.5,False,0.07500000000000051,46.89024057579854,0.9,0.9166666666666666
n_patients,196,1.5,False,0.08000000000000052,45.907395559447366,0.9,0.9166666666666666
n_patients,197,1.5,False,0.08500000000000052,45.09323076092119,0.9,0.9166666666666666
n_patients,198,1.5,False,0.09000000000000052,44.730515722820655,0.8833333333333333,0.9
n_patients,199,1.5,False,0.04500000000000052,53.800156509637986,0.8666666666666667,0.9
n_patients,200,1.5,False,0.050000000000000516,52.770103944570906,0.8666666666666667,0.9
n_patients,201,1.5,False,0.05500000000000052,50.228470634148835,0.8666666666666667,0.9
n_patients,202,1.5,False,0.060000000000000525,49.63402940288415,0.8666666666666667,0.9
n_patients,203,1.5,False,0.06500000000000053,48.764381326617865,0.8666666666666667,0.9
n_patients,204,1.5,False,0.07000000000000053,47.771529365851165,0.8666666666666667,0.9
n_patients,205,1.5,False,0.07500000000000054,46.89024057579854,0.8833333333333333,0.9166666666666666
n_patients,206,1.5,False,0.08000000000000054,45.907395559447366,0.8833333333333333,0.9166666666666666
n_patients,207,1.5,False,0.08500000000000055,45.09323076092119,0.8666666666666667,0.9
n_patients,208,1.5,False,0.04000000000000054,55.7522094787401,0.8666666666666667,0.9
n_patients,209,1.5,False,0.04500000000000054,53.800156509637986,0.85,0.8833333333333333
n_patients,210,1.5,False,5.342948306008566e-16,85.78954626816505,0.85,0.8833333333333333
n_patients,211,1.5,False,0.005000000000000535,81.20036171772688,0.85,0.8833333333333333
n_patients,212,1.5,False,0.010000000000000536,68.7455376359801,0.85,0.8833333333333333
n_patients,213,1.5,False,0.015000000000000537,64.6127669387198,0.85,0.8833333333333333
n_patients,214,1.5,False,0.020000000000000538,60.210523321912774,0.85,0.8833333333333333
n_patients,215,1.5,False,0.02500000000000054,58.9532769819192,0.85,0.8833333333333333
n_patients,216,1.5,False,0.03000000000000054,57.78731704054178,0.85,0.8833333333333333
n_patients,217,1.5,False,0.035000000000000545,56.234908137957405,0.85,0.8833333333333333
n_patients,218,1.5,False,0.04000000000000055,55.7522094787401,0.85,0.8833333333333333
n_patients,219,1.5,False,0.04500000000000055,53.800156509637986,0.85,0.8833333333333333
n_patients,220,1.5,False,0.05000000000000056,52.770103944570906,0.85,0.8833333333333333
n_patients,221,1.5,False,0.05500000000000056,50.228470634148835,0.85,0.8833333333333333
n_patients,222,1.5,False,0.06000000000000057,49.63402940288415,0.85,0.8833333333333333
n_patients,223,1.5,False,0.06500000000000057,48.764381326617865,0.85,0.8833333333333333
n_patients,224,1.5,False,0.07000000000000058,47.771529365851165,0.85,0.9
n_patients,225,1.5,False,0.07500000000000058,46.89024057579854,0.85,0.9
n_patients,226,1.5,False,0.08000000000000058,45.907395559447366,0.8333333333333334,0.8833333333333333
n_patients,227,1.5,False,0.03500000000000058,56.234908137957405,0.8333333333333334,0.8833333333333333
n_patients,228,1.5,False,0.04000000000000058,55.7522094787401,0.8333333333333334,0.8833333333333333
n_patients,229,1.5,False,0.04500000000000058,53.800156509637986,0.8333333333333334,0.8833333333333333
n_patients,230,1.5,False,0.050000000000000586,52.770103944570906,0.8333333333333334,0.8833333333333333
n_patients,231,1.5,False,0.05500000000000059,50.228470634148835,0.8333333333333334,0.8833333333333333
n_patients,232,1.5,False,0.060000000000000595,49.63402940288415,0.8333333333333334,0.8833333333333333
n_patients,233,1.5,False,0.0650000000000006,48.764381326617865,0.8333333333333334,0.8833333333333333
n_patients,234,1.5,False,0.0700000000000006,47.771529365851165,0.8166666666666667,0.8666666666666667
n_patients,235,1.5,False,0.025000000000000598,58.9532769819192,0.8166666666666667,0.8666666666666667
n_patients,236,1.5,False,0.0300000000000006,57.78731704054178,0.8166666666666667,0.8666666666666667
n_patients,237,1.5,False,0.0350000000000006,56.234908137957405,0.8166666666666667,0.8666666666666667
n_patients,238,1.5,False,0.040000000000000605,55.7522094787401,0.8166666666666667,0.8666666666666667
n_patients,239,1.5,False,0.04500000000000061,53.800156509637986,0.8166666666666667,0.8666666666666667
n_patients,240,1.8,False,0.05000000000000061,52.770103944570906,0.8166666666666667,0.8666666666666667
n_patients,241,1.8,False,0.05500000000000062,50.228470634148835,0.8166666666666667,0.8666666666666667
n_patients,242,1.8,False,0.06000000000000062,49.63402940288415,0.8166666666666667,0.8666666666666667
n_patients,243,1.8,False,0.06500000000000063,48.764381326617865,0.8166666666666667,0.8666666666666667
n_patients,244,1.8,False,0.07000000000000063,47.771529365851165,0.8333333333333334,0.8833333333333333
n_patients,245,1.8,False,0.07500000000000064,46.89024057579854,0.8333333333333334,0.9
n_patients,246,1.8,False,0.08000000000000064,45.907395559447366,0.8333333333333334,0.9
n_patients,247,1.8,False,0.08500000000000064,45.09323076092119,0.8333333333333334,0.9
n_patients,248,1.8,False,0.09000000000000065,44.730515722820655,0.8333333333333334,0.9
n_patients,249,1.8,False,0.09500000000000065,44.22385125499716,0.85,0.9166666666666666
n_patients,250,1.8,False,0.10000000000000066,43.6230392055831,0.8333333333333334,0.9
n_patients,251,1.8,False,0.05500000000000065,50.228470634148835,0.85,0.9
n_patients,252,1.8,False,0.06000000000000065,49.63402940288415,0.85,0.9
n_patients,253,1.8,False,0.06500000000000065,48.764381326617865,0.85,0.9
n_patients,254,1.8,False,0.07000000000000066,47.771529365851165,0.8666666666666667,0.9
n_patients,255,1.8,False,0.07500000000000066,46.89024057579854,0.8666666666666667,0.9
n_patients,256,1.8,False,0.08000000000000067,45.907395559447366,0.8666666666666667,0.9
n_patients,257,1.8,False,0.08500000000000067,45.09323076092119,0.85,0.8833333333333333
n_patients,258,1.8,False,0.04000000000000067,55.7522094787401,0.8666666666666667,0.9
n_patients,259,1.8,False,0.045000000000000664,53.800156509637986,0.8833333333333333,0.9
n_patients,260,1.8,False,0.05000000000000067,52.770103944570906,0.8666666666666667,0.8833333333333333
n_patients,261,1.8,False,0.005000000000000664,81.20036171772688,0.85,0.8833333333333333
n_patients,262,1.8,False,0.010000000000000665,68.7455376359801,0.85,0.8833333333333333
n_patients,263,1.8,False,0.015000000000000666,64.6127669387198,0.85,0.8833333333333333
n_patients,264,1.8,False,0.020000000000000667,60.210523321912774,0.85,0.8833333333333333
n_patients,265,1.8,False,0.025000000000000668,58.9532769819192,0.85,0.8833333333333333
n_patients,266,1.8,False,0.03000000000000067,57.78731704054178,0.85,0.8833333333333333
n_patients,267,1.8,False,0.03500000000000067,56.234908137957405,0.85,0.8833333333333333
n_patients,268,1.8,False,-0.009999999999999336,85.78954626816505,0.85,0.8833333333333333
n_patients,269,1.8,False,-0.004999999999999335,85.78954626816505,0.8666666666666667,0.9
n_patients,270,1.8,False,6.661338147750939e-16,85.78954626816505,0.85,0.9
n_patients,271,1.8,False,0.005000000000000667,81.20036171772688,0.85,0.9
n_patients,272,1.8,False,0.010000000000000668,68.7455376359801,0.8333333333333334,0.9
n_patients,273,1.8,False,0.015000000000000669,64.6127669387198,0.8166666666666667,0.8833333333333333
n_patients,274,1.8,False,-0.029999999999999336,85.78954626816505,0.8166666666666667,0.8833333333333333
n_patients,275,1.8,False,-0.024999999999999335,85.78954626816505,0.8166666666666667,0.8833333333333333
n_patients,276,1.8,False,-0.019999999999999334,85.78954626816505,0.8166666666666667,0.8833333333333333
n_patients,277,1.8,False,-0.014999999999999333,85.78954626816505,0.8166666666666667,0.8833333333333333
n_patients,278,1.8,False,-0.009999999999999332,85.78954626816505,0.8,0.8833333333333333
n_patients,279,1.8,False,-0.004999999999999331,85.78954626816505,0.7833333333333333,0.8833333333333333
n_patients,280,1.8,False,6.696032617270475e-16,85.78954626816505,0.7666666666666667,0.8666666666666667
n_patients,281,1.8,False,-0.04499999999999933,85.78954626816505,0.7666666666666667,0.8666666666666667
n_patients,282,1.8,False,-0.03999999999999933,85.78954626816505,0.7666666666666667,0.8666666666666667
n_patients,283,1.8,False,-0.03499999999999932,85.78954626816505,0.7666666666666667,0.8666666666666667
n_patients,284,1.8,False,-0.029999999999999322,85.78954626816505,0.7666666666666667,0.8666666666666667
n_patients,285,1.8,False,-0.02499999999999932,85.78954626816505,0.7666666666666667,0.8666666666666667
n_patients,286,1.8,False,-0.01999999999999932,85.78954626816505,0.7833333333333333,0.8833333333333333
n_patients,287,1.8,False,-0.01499999999999932,85.78954626816505,0.7833333333333333,0.8833333333333333
n_patients,288,1.8,False,-0.009999999999999318,85.78954626816505,0.7666666666666667,0.8833333333333333
n_patients,289,1.8,False,-0.0049999999999993175,85.78954626816505,0.7666666666666667,0.8833333333333333
n_patients,290,1.8,False,6.83481049534862e-16,85.78954626816505,0.7666666666666667,0.8833333333333333
n_patients,291,1.8,False,0.0050000000000006845,81.20036171772688,0.7666666666666667,0.8833333333333333
n_patients,292,1.8,False,0.010000000000000685,68.7455376359801,0.75,0.8666666666666667
n_patients,293,1.8,False,-0.03499999999999932,85.78954626816505,0.7333333333333333,0.8666666666666667
n_patients,294,1.8,False,-0.029999999999999322,85.78954626816505,0.75,0.8833333333333333
n_patients,295,1.8,False,-0.02499999999999932,85.78954626816505,0.75,0.8833333333333333
n_patients,296,1.8,False,-0.01999999999999932,85.78954626816505,0.75,0.8833333333333333
n_patients,297,1.8,False,-0.01499999999999932,85.78954626816505,0.75,0.8833333333333333
n_patients,298,1.8,False,-0.009999999999999318,85.78954626816505,0.75,0.8833333333333333
n_patients,299,1.8,False,-0.0049999999999993175,85.78954626816505,0.7333333333333333,0.8833333333333333
n_patients,300,2.0,False,6.83481049534862e-16,85.78954626816505,0.7166666666666667,0.8833333333333333
n_patients,301,2.0,False,0.0050000000000006845,81.20036171772688,0.7,0.8666666666666667
n_patients,302,2.0,False,-0.03999999999999932,85.78954626816505,0.7,0.8666666666666667
n_patients,303,2.0,False,-0.03499999999999932,85.78954626816505,0.6833333333333333,0.8666666666666667
n_patients,304,2.0,False,-0.029999999999999322,85.78954626816505,0.6833333333333333,0.8666666666666667
n_patients,305,2.0,False,-0.02499999999999932,85.78954626816505,0.7,0.8666666666666667
n_patients,306,2.0,False,-0.01999999999999932,85.78954626816505,0.7,0.8666666666666667
n_patients,307,2.0,False,-0.01499999999999932,85.78954626816505,0.7,0.8666666666666667
n_patients,308,2.0,False,-0.009999999999999318,85.78954626816505,0.6833333333333333,0.8666666666666667
n_patients,309,2.0,False,-0.0049999999999993175,85.78954626816505,0.6833333333333333,0.8666666666666667
n_patients,310,2.0,False,6.83481049534862e-16,85.78954626816505,0.7,0.8833333333333333
n_patients,311,2.0,False,0.0050000000000006845,81.20036171772688,0.6833333333333333,0.8833333333333333
n_patients,312,2.0,False,0.010000000000000685,68.7455376359801,0.6666666666666666,0.8833333333333333
n_patients,313,2.0,False,0.015000000000000686,64.6127669387198,0.6666666666666666,0.8833333333333333
n_patients,314,2.0,False,0.020000000000000687,60.210523321912774,0.6666666666666666,0.8833333333333333
n_patients,315,2.0,False,0.02500000000000069,58.9532769819192,0.65,0.8833333333333333
n_patients,316,2.0,False,0.03000000000000069,57.78731704054178,0.6333333333333333,0.8666666666666667
n_patients,317,2.0,False,-0.014999999999999316,85.78954626816505,0.65,0.8833333333333333
n_patients,318,2.0,False,-0.009999999999999315,85.78954626816505,0.65,0.8833333333333333
n_patients,319,2.0,False,-0.004999999999999314,85.78954626816505,0.65,0.8833333333333333
n_patients,320,2.0,False,6.869504964868156e-16,85.78954626816505,0.6666666666666666,0.9
n_patients,321,2.0,False,0.005000000000000688,81.20036171772688,0.6833333333333333,0.9
n_patients,322,2.0,False,0.010000000000000689,68.7455376359801,0.6666666666666666,0.9
n_patients,323,2.0,False,0.01500000000000069,64.6127669387198,0.65,0.9
n_patients,324,2.0,False,0.02000000000000069,60.210523321912774,0.65,0.9
n_patients,325,2.0,False,0.025000000000000692,58.9532769819192,0.65,0.9
n_patients,326,2.0,False,0.030000000000000693,57.78731704054178,0.6333333333333333,0.8833333333333333
n_patients,327,2.0,False,-0.014999999999999312,85.78954626816505,0.65,0.9
n_patients,328,2.0,False,-0.009999999999999312,85.78954626816505,0.65,0.9
n_patients,329,2.0,False,-0.0049999999999993106,85.78954626816505,0.6333333333333333,0.9
n_patients,330,2.0,False,6.904199434387692e-16,85.78954626816505,0.6333333333333333,0.9
n_patients,331,2.0,False,0.005000000000000691,81.20036171772688,0.6333333333333333,0.9
n_patients,332,2.0,False,0.010000000000000692,68.7455376359801,0.6333333333333333,0.8833333333333333
n_patients,333,2.0,False,-0.03499999999999931,85.78954626816505,0.6333333333333333,0.9
n_patients,334,2.0,False,-0.02999999999999931,85.78954626816505,0.6333333333333333,0.9
n_patients,335,2.0,False,-0.024999999999999307,85.78954626816505,0.6333333333333333,0.9
n_patients,336,2.0,False,-0.019999999999999307,85.78954626816505,0.6166666666666667,0.9
n_patients,337,2.0,False,-0.014999999999999306,85.78954626816505,0.6166666666666667,0.9
n_patients,338,2.0,False,-0.009999999999999305,85.78954626816505,0.6333333333333333,0.9
n_patients,339,2.0,False,-0.004999999999999304,85.78954626816505,0.65,0.9
n_patients,340,2.0,False,6.973588373426765e-16,85.78954626816505,0.6666666666666666,0.9166666666666666
n_patients,341,2.0,False,0.005000000000000698,81.20036171772688,0.6666666666666666,0.9166666666666666
n_patients,342,2.0,False,0.0100000000000007,68.7455376359801,0.6666666666666666,0.9166666666666666
n_patients,343,2.0,False,0.0150000000000007,64.6127669387198,0.6666666666666666,0.9166666666666666
n_patients,344,2.0,False,0.0200000000000007,60.210523321912774,0.6666666666666666,0.9166666666666666
n_patients,345,2.0,False,0.025000000000000702,58.9532769819192,0.6666666666666666,0.9166666666666666
n_patients,346,2.0,False,0.030000000000000703,57.78731704054178,0.6666666666666666,0.9166666666666666
n_patients,347,2.0,False,0.035000000000000704,56.234908137957405,0.6666666666666666,0.9166666666666666
n_patients,348,2.0,False,0.0400000000000007,55.7522094787401,0.6666666666666666,0.9166666666666666
n_patients,349,2.0,False,0.045000000000000706,53.800156509637986,0.6666666666666666,0.9166666666666666
n_patients,350,2.0,False,0.05000000000000071,52.770103944570906,0.65,0.9166666666666666
n_patients,351,2.0,False,0.055000000000000715,50.228470634148835,0.6333333333333333,0.9166666666666666
n_patients,352,2.0,False,0.06000000000000072,49.63402940288415,0.6333333333333333,0.9166666666666666
n_patients,353,2.0,False,0.015000000000000714,64.6127669387198,0.6333333333333333,0.9166666666666666
n_patients,354,2.0,False,0.020000000000000715,60.210523321912774,0.6333333333333333,0.9166666666666666
n_patients,355,2.0,False,0.025000000000000716,58.9532769819192,0.6166666666666667,0.9166666666666666
n_patients,356,2.0,False,0.030000000000000717,57.78731704054178,0.6,0.9166666666666666
n_patients,357,2.0,False,0.03500000000000072,56.234908137957405,0.6,0.9166666666666666
n_patients,358,2.0,False,0.040000000000000716,55.7522094787401,0.6,0.9166666666666666
n_patients,359,2.0,False,0.04500000000000072,53.800156509637986,0.6166666666666667,0.9166666666666666
n_patients,360,2.5,False,0.050000000000000724,52.770103944570906,0.6166666666666667,0.9166666666666666
n_patients,361,2.5,False,0.05500000000000073,50.228470634148835,0.6166666666666667,0.9166666666666666
n_patients,362,2.5,False,0.010000000000000724,68.7455376359801,0.6,0.9
n_patients,363,2.5,False,-0.03499999999999928,85.78954626816505,0.6,0.8833333333333333
n_patients,364,2.5,False,-0.0799999999999993,85.78954626816505,0.5833333333333334,0.8666666666666667
n_patients,365,2.5,False,-0.1249999999999993,85.78954626816505,0.5833333333333334,0.8666666666666667
n_patients,366,2.5,False,-0.1199999999999993,85.78954626816505,0.5833333333333334,0.8666666666666667
n_patients,367,2.5,False,-0.1149999999999993,85.78954626816505,0.5833333333333334,0.8666666666666667
n_patients,368,2.5,False,-0.10999999999999929,85.78954626816505,0.5833333333333334,0.8666666666666667
n_patients,369,2.5,False,-0.10499999999999929,85.78954626816505,0.5666666666666667,0.85
n_patients,370,2.5,False,-0.1499999999999993,85.78954626816505,0.5666666666666667,0.85
n_patients,371,2.5,False,-0.1449999999999993,85.78954626816505,0.5666666666666667,0.85
n_patients,372,2.5,False,-0.1399999999999993,85.78954626816505,0.5666666666666667,0.85
n_patients,373,2.5,False,-0.1349999999999993,85.78954626816505,0.5666666666666667,0.85
n_patients,374,2.5,False,-0.12999999999999928,85.78954626816505,0.5666666666666667,0.85
n_patients,375,2.5,False,-0.12499999999999928,85.78954626816505,0.5833333333333334,0.85
n_patients,376,2.5,False,-0.11999999999999927,85.78954626816505,0.5833333333333334,0.8666666666666667
n_patients,377,2.5,False,-0.11499999999999927,85.78954626816505,0.5666666666666667,0.85
n_patients,378,2.5,False,-0.15999999999999928,85.78954626816505,0.55,0.85
n_patients,379,2.5,False,-0.15499999999999928,85.78954626816505,0.55,0.85
n_patients,380,2.5,False,-0.14999999999999927,85.78954626816505,0.55,0.85
n_patients,381,2.5,False,-0.14499999999999927,85.78954626816505,0.5333333333333333,0.85
n_patients,382,2.5,False,-0.13999999999999926,85.78954626816505,0.55,0.85
n_patients,383,2.5,False,-0.13499999999999926,85.78954626816505,0.55,0.85
n_patients,384,2.5,False,-0.12999999999999926,85.78954626816505,0.5333333333333333,0.85
n_patients,385,2.5,False,-0.12499999999999925,85.78954626816505,0.5333333333333333,0.85
n_patients,386,2.5,False,-0.11999999999999925,85.78954626816505,0.55,0.8666666666666667
n_patients,387,2.5,False,-0.11499999999999924,85.78954626816505,0.5333333333333333,0.85
n_patients,388,2.5,False,-0.15999999999999925,85.78954626816505,0.5166666666666667,0.85
n_patients,389,2.5,False,-0.15499999999999925,85.78954626816505,0.5333333333333333,0.85
n_patients,390,2.5,False,-0.14999999999999925,85.78954626816505,0.55,0.85
n_patients,391,2.5,False,-0.14499999999999924,85.78954626816505,0.5333333333333333,0.8333333333333334
n_patients,392,2.5,False,-0.18999999999999925,85.78954626816505,0.55,0.85
n_patients,393,2.5,False,-0.18499999999999925,85.78954626816505,0.5666666666666667,0.85
n_patients,394,2.5,False,-0.17999999999999924,85.78954626816505,0.5666666666666667,0.85
n_patients,395,2.5,False,-0.17499999999999924,85.78954626816505,0.5666666666666667,0.85
n_patients,396,2.5,False,-0.16999999999999924,85.78954626816505,0.5833333333333334,0.85
n_patients,397,2.5,False,-0.16499999999999923,85.78954626816505,0.5666666666666667,0.85
n_patients,398,2.5,False,-0.15999999999999923,85.78954626816505,0.5666666666666667,0.85
n_patients,399,2.5,False,-0.15499999999999922,85.78954626816505,0.55,0.85
n_patients,400,2.5,False,-0.14999999999999922,85.78954626816505,0.5333333333333333,0.85
n_patients,401,2.5,False,-0.1449999999999992,85.78954626816505,0.5166666666666667,0.85
n_patients,402,2.5,False,-0.1399999999999992,85.78954626816505,0.5166666666666667,0.85
n_patients,403,2.5,False,-0.1349999999999992,85.78954626816505,0.5166666666666667,0.85
n_patients,404,2.5,False,-0.1299999999999992,85.78954626816505,0.5,0.85
n_patients,405,2.5,False,-0.1249999999999992,85.78954626816505,0.48333333333333334,0.85
n_patients,406,2.5,False,-0.11999999999999919,85.78954626816505,0.48333333333333334,0.85
n_patients,407,2.5,False,-0.11499999999999919,85.78954626816505,0.48333333333333334,0.85
n_patients,408,2.5,False,-0.10999999999999918,85.78954626816505,0.5,0.85
n_patients,409,2.5,False,-0.10499999999999918,85.78954626816505,0.5,0.85
n_patients,410,2.5,False,-0.09999999999999917,85.78954626816505,0.5166666666666667,0.85
n_patients,411,2.5,False,-0.09499999999999917,85.78954626816505,0.5166666666666667,0.8333333333333334
n_patients,412,2.5,False,-0.13999999999999918,85.78954626816505,0.5166666666666667,0.85
n_patients,413,2.5,False,-0.13499999999999918,85.78954626816505,0.5166666666666667,0.8333333333333334
n_patients,414,2.5,False,-0.1799999999999992,85.78954626816505,0.5166666666666667,0.8333333333333334
n_patients,415,2.5,False,-0.17499999999999918,85.78954626816505,0.5333333333333333,0.8333333333333334
n_patients,416,2.5,False,-0.16999999999999918,85.78954626816505,0.5333333333333333,0.8333333333333334
n_patients,417,2.5,False,-0.16499999999999918,85.78954626816505,0.5333333333333333,0.8333333333333334
n_patients,418,2.5,False,-0.15999999999999917,85.78954626816505,0.5166666666666667,0.8333333333333334
n_patients,419,2.5,False,-0.15499999999999917,85.78954626816505,0.5,0.8333333333333334
n_patients,420,3.0,False,-0.14999999999999916,85.78954626816505,0.5,0.8166666666666667
n_patients,421,3.0,False,-0.19499999999999917,85.78954626816505,0.5,0.8166666666666667
n_patients,422,3.0,False,-0.2399999999999992,85.78954626816505,0.5,0.8333333333333334
n_patients,423,3.0,False,-0.23499999999999918,85.78954626816505,0.5166666666666667,0.85
n_patients,424,3.0,False,-0.22999999999999918,85.78954626816505,0.5166666666666667,0.85
n_patients,425,3.0,False,-0.2749999999999992,85.78954626816505,0.5166666666666667,0.85
n_patients,426,3.0,False,-0.2699999999999992,85.78954626816505,0.5,0.85
n_patients,427,3.0,False,-0.2649999999999992,85.78954626816505,0.48333333333333334,0.85
n_patients,428,3.0,False,-0.2599999999999992,85.78954626816505,0.48333333333333334,0.8333333333333334
n_patients,429,3.0,False,-0.30499999999999916,85.78954626816505,0.5,0.85
n_patients,430,3.0,False,-0.29999999999999916,85.78954626816505,0.48333333333333334,0.85
n_patients,431,3.0,False,-0.29499999999999915,85.78954626816505,0.5,0.85
n_patients,432,3.0,False,-0.28999999999999915,85.78954626816505,0.5,0.8333333333333334
n_patients,433,3.0,False,-0.33499999999999913,85.78954626816505,0.48333333333333334,0.8333333333333334
n_patients,434,3.0,False,-0.3299999999999991,85.78954626816505,0.4666666666666667,0.8166666666666667
n_patients,435,3.0,False,-0.3749999999999991,85.78954626816505,0.45,0.8166666666666667
n_patients,436,3.0,False,-0.3699999999999991,85.78954626816505,0.4666666666666667,0.8166666666666667
n_patients,437,3.0,False,-0.3649999999999991,85.78954626816505,0.4666666666666667,0.8333333333333334
n_patients,438,3.0,False,-0.3599999999999991,85.78954626816505,0.48333333333333334,0.8333333333333334
n_patients,439,3.0,False,-0.3549999999999991,85.78954626816505,0.4666666666666667,0.8333333333333334
n_patients,440,3.0,False,-0.3499999999999991,85.78954626816505,0.45,0.8166666666666667
n_patients,441,3.0,False,-0.3949999999999991,85.78954626816505,0.45,0.8166666666666667
n_patients,442,3.0,False,-0.38999999999999907,85.78954626816505,0.43333333333333335,0.8
n_patients,443,3.0,False,-0.43499999999999905,85.78954626816505,0.45,0.8
n_patients,444,3.0,False,-0.42999999999999905,85.78954626816505,0.45,0.8
n_patients,445,3.0,False,-0.42499999999999905,85.78954626816505,0.43333333333333335,0.8
n_patients,446,3.0,False,-0.41999999999999904,85.78954626816505,0.43333333333333335,0.8
n_patients,447,3.0,False,-0.41499999999999904,85.78954626816505,0.43333333333333335,0.8166666666666667
n_patients,448,3.0,False,-0.40999999999999903,85.78954626816505,0.43333333333333335,0.8166666666666667
n_patients,449,3.0,False,-0.404999999999999,85.78954626816505,0.4166666666666667,0.8166666666666667
n_patients,450,3.0,False,-0.399999999999999,85.78954626816505,0.4,0.8166666666666667
n_patients,451,3.0,False,-0.394999999999999,85.78954626816505,0.4,0.8166666666666667
n_patients,452,3.0,False,-0.439999999999999,85.78954626816505,0.38333333333333336,0.8
n_patients,453,3.0,False,-0.484999999999999,85.78954626816505,0.36666666666666664,0.8
n_patients,454,3.0,False,-0.479999999999999,85.78954626816505,0.35,0.8
n_patients,455,3.0,False,-0.474999999999999,85.78954626816505,0.3333333333333333,0.8
n_patients,456,3.0,False,-0.469999999999999,85.78954626816505,0.31666666666666665,0.8
n_patients,457,3.0,False,-0.46499999999999897,85.78954626816505,0.3333333333333333,0.8
n_patients,458,3.0,False,-0.45999999999999897,85.78954626816505,0.31666666666666665,0.8
n_patients,459,3.0,False,-0.45499999999999896,85.78954626816505,0.31666666666666665,0.8
n_patients,460,3.0,False,-0.44999999999999896,85.78954626816505,0.31666666666666665,0.7833333333333333
n_patients,461,3.0,False,-0.49499999999999894,85.78954626816505,0.31666666666666665,0.7666666666666667
n_patients,462,3.0,False,-0.5399999999999989,85.78954626816505,0.3,0.7666666666666667
n_patients,463,3.0,False,-0.5349999999999989,85.78954626816505,0.2833333333333333,0.7666666666666667
n_patients,464,3.0,False,-0.5299999999999989,85.78954626816505,0.2833333333333333,0.7666666666666667
n_patients,465,3.0,False,-0.5249999999999989,85.78954626816505,0.2833333333333333,0.75
n_patients,466,3.0,False,-0.569999999999999,85.78954626816505,0.2833333333333333,0.75
n_patients,467,3.0,False,-0.564999999999999,85.78954626816505,0.26666666666666666,0.75
n_patients,468,3.0,False,-0.5599999999999989,85.78954626816505,0.25,0.75
n_patients,469,3.0,False,-0.5549999999999989,85.78954626816505,0.23333333333333334,0.75
n_patients,470,3.0,False,-0.5499999999999989,85.78954626816505,0.21666666666666667,0.7333333333333333
n_patients,471,3.0,False,-0.594999999999999,85.78954626816505,0.23333333333333334,0.75
n_patients,472,3.0,False,-0.589999999999999,85.78954626816505,0.25,0.75
n_patients,473,3.0,False,-0.584999999999999,85.78954626816505,0.26666666666666666,0.7666666666666667
n_patients,474,3.0,False,-0.579999999999999,85.78954626816505,0.25,0.75
n_patients,475,3.0,False,-0.624999999999999,85.78954626816505,0.23333333333333334,0.7333333333333333
n_patients,476,3.0,False,-0.669999999999999,85.78954626816505,0.23333333333333334,0.7166666666666667
n_patients,477,3.0,False,-0.7149999999999991,85.78954626816505,0.23333333333333334,0.7166666666666667
n_patients,478,3.0,False,-0.7099999999999991,85.78954626816505,0.23333333333333334,0.7166666666666667
n_patients,479,3.0,False,-0.7049999999999991,85.78954626816505,0.23333333333333334,0.7
mean_wait_minutes,0,0.8,True,0.1,47.15513462696663,1.0,1.0
mean_wait_minutes,1,0.8,True,0.10500000000000001,46.18893468964936,1.0,1.0
mean_wait_minutes,2,0.8,True,0.11000000000000001,45.57988111653859,1.0,1.0
mean_wait_minutes,3,0.8,True,0.11500000000000002,44.56922785624755,1.0,1.0
mean_wait_minutes,4,0.8,True,0.12000000000000002,44.05324494791157,1.0,1.0
mean_wait_minutes,5,0.8,True,0.12500000000000003,43.13559251694416,1.0,1.0
mean_wait_minutes,6,0.8,True,0.13000000000000003,42.3697072385242,1.0,1.0
mean_wait_minutes,7,0.8,True,0.13500000000000004,41.63071607943439,0.875,0.875
mean_wait_minutes,8,0.8,True,0.09000000000000002,48.97097791325508,0.8888888888888888,0.8888888888888888
mean_wait_minutes,9,0.8,True,0.09500000000000003,47.92283552257936,0.9,0.9
mean_wait_minutes,10,0.8,True,0.10000000000000003,47.15513462696663,0.9090909090909091,0.9090909090909091
mean_wait_minutes,11,0.8,True,0.10500000000000004,46.18893468964936,0.9166666666666666,0.9166666666666666
mean_wait_minutes,12,0.8,True,0.11000000000000004,45.57988111653859,0.9230769230769231,0.9230769230769231
mean_wait_minutes,13,0.8,True,0.11500000000000005,44.56922785624755,0.9285714285714286,0.9285714285714286
mean_wait_minutes,14,0.8,True,0.12000000000000005,44.05324494791157,0.8666666666666667,0.8666666666666667
mean_wait_minutes,15,0.8,True,0.07500000000000004,51.53973382886619,0.875,0.875
mean_wait_minutes,16,0.8,True,0.08000000000000004,50.326722770354934,0.8823529411764706,0.8823529411764706
mean_wait_minutes,17,0.8,True,0.08500000000000005,49.47232210919281,0.8888888888888888,0.8888888888888888
mean_wait_minutes,18,0.8,True,0.09000000000000005,48.97097791325508,0.8947368421052632,0.8947368421052632
mean_wait_minutes,19,0.8,True,0.09500000000000006,47.92283552257936,0.9,0.9
mean_wait_minutes,20,0.8,True,0.10000000000000006,47.15513462696663,0.9047619047619048,0.9047619047619048
mean_wait_minutes,21,0.8,True,0.10500000000000007,46.18893468964936,0.9090909090909091,0.9090909090909091
mean_wait_minutes,22,0.8,True,0.11000000000000007,45.57988111653859,0.9130434782608695,0.9130434782608695
mean_wait_minutes,23,0.8,True,0.11500000000000007,44.56922785624755,0.9166666666666666,0.9166666666666666
mean_wait_minutes,24,0.8,True,0.12000000000000008,44.05324494791157,0.92,0.92
mean_wait_minutes,25,0.8,True,0.12500000000000008,43.13559251694416,0.9230769230769231,0.9230769230769231
mean_wait_minutes,26,0.8,True,0.1300000000000001,42.3697072385242,0.9259259259259259,0.9259259259259259
mean_wait_minutes,27,0.8,True,0.1350000000000001,41.63071607943439,0.9285714285714286,0.9285714285714286
mean_wait_minutes,28,0.8,True,0.1400000000000001,40.21603134777614,0.9310344827586207,0.9310344827586207
mean_wait_minutes,29,0.8,True,0.1450000000000001,39.77722813458123,0.9333333333333333,0.9333333333333333
mean_wait_minutes,30,0.8,True,0.1500000000000001,39.033906486690185,0.9354838709677419,0.9354838709677419
mean_wait_minutes,31,0.8,True,0.1550000000000001,38.44537102381162,0.9375,0.9375
mean_wait_minutes,32,0.8,True,0.16000000000000011,37.90977421156734,0.9393939393939394,0.9393939393939394
mean_wait_minutes,33,0.8,True,0.16500000000000012,37.19080070130917,0.9411764705882353,0.9411764705882353
mean_wait_minutes,34,0.8,True,0.17000000000000012,36.563043466539185,0.9428571428571428,0.9428571428571428
mean_wait_minutes,35,0.8,True,0.17500000000000013,36.122103205099734,0.9444444444444444,0.9444444444444444
mean_wait_minutes,36,0.8,True,0.18000000000000013,35.909151749910556,0.9459459459459459,0.9459459459459459
mean_wait_minutes,37,0.8,True,0.18500000000000014,35.46953870491496,0.9473684210526315,0.9473684210526315
mean_wait_minutes,38,0.8,True,0.19000000000000014,34.95659998048991,0.9487179487179487,0.9487179487179487
mean_wait_minutes,39,0.8,True,0.19500000000000015,34.52165404097836,0.95,0.95
mean_wait_minutes,40,0.8,True,0.20000000000000015,33.90451985897773,0.9512195121951219,0.9512195121951219
mean_wait_minutes,41,0.8,True,0.20500000000000015,33.53758908618531,0.9523809523809523,0.9523809523809523
mean_wait_minutes,42,0.8,True,0.21000000000000016,32.861540832022854,0.9534883720930233,0.9534883720930233
mean_wait_minutes,43,0.8,True,0.21500000000000016,32.56920374044901,0.9545454545454546,0.9545454545454546
mean_wait_minutes,44,0.8,True,0.22000000000000017,32.22349899454066,0.9555555555555556,0.9555555555555556
mean_wait_minutes,45,0.8,True,0.22500000000000017,31.394038132805235,0.9565217391304348,0.9565217391304348
mean_wait_minutes,46,0.8,True,0.23000000000000018,31.003337998735944,0.9574468085106383,0.9574468085106383
mean_wait_minutes,47,0.8,True,0.23500000000000018,30.51460900586048,0.9583333333333334,0.9583333333333334
mean_wait_minutes,48,0.8,True,0.24000000000000019,30.218630925616054,0.9591836734693877,0.9591836734693877
mean_wait_minutes,49,0.8,True,0.2450000000000002,29.67560992737691,0.94,0.94
mean_wait_minutes,50,0.8,True,0.20000000000000018,33.90451985897773,0.9411764705882353,0.9411764705882353
mean_wait_minutes,51,0.8,True,0.20500000000000018,33.53758908618531,0.9423076923076923,0.9423076923076923
mean_wait_minutes,52,0.8,True,0.2100000000000002,32.861540832022854,0.9433962264150944,0.9433962264150944
mean_wait_minutes,53,0.8,True,0.2150000000000002,32.56920374044901,0.9444444444444444,0.9444444444444444
mean_wait_minutes,54,0.8,True,0.2200000000000002,32.22349899454066,0.9454545454545454,0.9272727272727272
mean_wait_minutes,55,0.8,True,0.17500000000000018,36.122103205099734,0.9464285714285714,0.9285714285714286
mean_wait_minutes,56,0.8,True,0.1800000000000002,35.909151749910556,0.9473684210526315,0.9298245614035088
mean_wait_minutes,57,0.8,True,0.1850000000000002,35.46953870491496,0.9482758620689655,0.9310344827586207
mean_wait_minutes,58,0.8,True,0.1900000000000002,34.95659998048991,0.9491525423728814,0.9322033898305084
mean_wait_minutes,59,0.8,True,0.1950000000000002,34.52165404097836,0.95,0.9333333333333333
mean_wait_minutes,60,1.0,True,0.2000000000000002,33.90451985897773,0.95,0.9333333333333333
mean_wait_minutes,61,1.0,True,0.2050000000000002,33.53758908618531,0.9333333333333333,0.9166666666666666
mean_wait_minutes,62,1.0,True,0.1600000000000002,37.90977421156734,0.9333333333333333,0.9166666666666666
mean_wait_minutes,63,1.0,True,0.1650000000000002,37.19080070130917,0.9333333333333333,0.9166666666666666
mean_wait_minutes,64,1.0,True,0.1700000000000002,36.563043466539185,0.9333333333333333,0.9166666666666666
mean_wait_minutes,65,1.0,True,0.1750000000000002,36.122103205099734,0.9333333333333333,0.9166666666666666
mean_wait_minutes,66,1.0,True,0.18000000000000022,35.909151749910556,0.9166666666666666,0.9
mean_wait_minutes,67,1.0,True,0.1350000000000002,41.63071607943439,0.9333333333333333,0.9166666666666666
mean_wait_minutes,68,1.0,True,0.1400000000000002,40.21603134777614,0.9333333333333333,0.9166666666666666
mean_wait_minutes,69,1.0,True,0.1450000000000002,39.77722813458123,0.9333333333333333,0.9166666666666666
mean_wait_minutes,70,1.0,True,0.15000000000000022,39.033906486690185,0.9333333333333333,0.9166666666666666
mean_wait_minutes,71,1.0,True,0.15500000000000022,38.44537102381162,0.9166666666666666,0.9
mean_wait_minutes,72,1.0,True,0.11000000000000021,45.57988111653859,0.9166666666666666,0.9
mean_wait_minutes,73,1.0,True,0.11500000000000021,44.56922785624755,0.9166666666666666,0.9
mean_wait_minutes,74,1.0,True,0.12000000000000022,44.05324494791157,0.9333333333333333,0.9166666666666666
mean_wait_minutes,75,1.0,True,0.12500000000000022,43.13559251694416,0.9333333333333333,0.9166666666666666
mean_wait_minutes,76,1.0,True,0.13000000000000023,42.3697072385242,0.9333333333333333,0.9166666666666666
mean_wait_minutes,77,1.0,True,0.13500000000000023,41.63071607943439,0.9333333333333333,0.9166666666666666
mean_wait_minutes,78,1.0,True,0.14000000000000024,40.21603134777614,0.9166666666666666,0.9
mean_wait_minutes,79,1.0,True,0.09500000000000022,47.92283552257936,0.9166666666666666,0.9
mean_wait_minutes,80,1.0,True,0.10000000000000023,47.15513462696663,0.9166666666666666,0.9
mean_wait_minutes,81,1.0,True,0.10500000000000023,46.18893468964936,0.9166666666666666,0.9
mean_wait_minutes,82,1.0,True,0.11000000000000024,45.57988111653859,0.9166666666666666,0.9
mean_wait_minutes,83,1.0,True,0.11500000000000024,44.56922785624755,0.9166666666666666,0.9
mean_wait_minutes,84,1.0,True,0.12000000000000025,44.05324494791157,0.9,0.8833333333333333
mean_wait_minutes,85,1.0,True,0.07500000000000023,51.53973382886619,0.9,0.8833333333333333
mean_wait_minutes,86,1.0,True,0.08000000000000024,50.326722770354934,0.9,0.8833333333333333
mean_wait_minutes,87,1.0,True,0.08500000000000024,49.47232210919281,0.9,0.8833333333333333
mean_wait_minutes,88,1.0,True,0.09000000000000025,48.97097791325508,0.9,0.8833333333333333
mean_wait_minutes,89,1.0,True,0.09500000000000025,47.92283552257936,0.9,0.8833333333333333
mean_wait_minutes,90,1.0,True,0.10000000000000026,47.15513462696663,0.8833333333333333,0.8666666666666667
mean_wait_minutes,91,1.0,True,0.05500000000000025,56.74413415835431,0.8666666666666667,0.8666666666666667
mean_wait_minutes,92,1.0,True,0.06000000000000025,55.31161375873795,0.8666666666666667,0.8666666666666667
mean_wait_minutes,93,1.0,True,0.06500000000000025,54.22296974625226,0.8666666666666667,0.8666666666666667
mean_wait_minutes,94,1.0,True,0.07000000000000026,52.99479982338547,0.8666666666666667,0.8666666666666667
mean_wait_minutes,95,1.0,True,0.07500000000000026,51.53973382886619,0.8666666666666667,0.8666666666666667
mean_wait_minutes,96,1.0,True,0.08000000000000027,50.326722770354934,0.8666666666666667,0.8666666666666667
mean_wait_minutes,97,1.0,True,0.08500000000000027,49.47232210919281,0.8666666666666667,0.8666666666666667
mean_wait_minutes,98,1.0,True,0.09000000000000027,48.97097791325508,0.8666666666666667,0.8666666666666667
mean_wait_minutes,99,1.0,True,0.09500000000000028,47.92283552257936,0.8666666666666667,0.8666666666666667
mean_wait_minutes,100,1.0,True,0.10000000000000028,47.15513462696663,0.8666666666666667,0.8666666666666667
mean_wait_minutes,101,1.0,True,0.10500000000000029,46.18893468964936,0.8666666666666667,0.8666666666666667
mean_wait_minutes,102,1.0,True,0.11000000000000029,45.57988111653859,0.8666666666666667,0.8666666666666667
mean_wait_minutes,103,1.0,True,0.1150000000000003,44.56922785624755,0.8666666666666667,0.8666666666666667
mean_wait_minutes,104,1.0,True,0.1200000000000003,44.05324494791157,0.8666666666666667,0.8666666666666667
mean_wait_minutes,105,1.0,True,0.1250000000000003,43.13559251694416,0.8666666666666667,0.8666666666666667
mean_wait_minutes,106,1.0,True,0.1300000000000003,42.3697072385242,0.8666666666666667,0.8666666666666667
mean_wait_minutes,107,1.0,True,0.13500000000000031,41.63071607943439,0.8666666666666667,0.8666666666666667
mean_wait_minutes,108,1.0,True,0.14000000000000032,40.21603134777614,0.8666666666666667,0.8666666666666667
mean_wait_minutes,109,1.0,True,0.14500000000000032,39.77722813458123,0.8833333333333333,0.8833333333333333
mean_wait_minutes,110,1.0,True,0.15000000000000033,39.033906486690185,0.8833333333333333,0.8833333333333333
mean_wait_minutes,111,1.0,True,0.15500000000000033,38.44537102381162,0.8833333333333333,0.8833333333333333
mean_wait_minutes,112,1.0,True,0.16000000000000034,37.90977421156734,0.8666666666666667,0.8666666666666667
mean_wait_minutes,113,1.0,True,0.11500000000000032,44.56922785624755,0.8666666666666667,0.8666666666666667
mean_wait_minutes,114,1.0,True,0.12000000000000033,44.05324494791157,0.8666666666666667,0.8833333333333333
mean_wait_minutes,115,1.0,True,0.12500000000000033,43.13559251694416,0.8666666666666667,0.8833333333333333
mean_wait_minutes,116,1.0,True,0.13000000000000034,42.3697072385242,0.8666666666666667,0.8833333333333333
mean_wait_minutes,117,1.0,True,0.13500000000000034,41.63071607943439,0.8666666666666667,0.8833333333333333
mean_wait_minutes,118,1.0,True,0.14000000000000035,40.21603134777614,0.8666666666666667,0.8833333333333333
mean_wait_minutes,119,1.0,True,0.14500000000000035,39.77722813458123,0.8666666666666667,0.8833333333333333
mean_wait_minutes,120,1.3,True,0.15000000000000036,39.033906486690185,0.8666666666666667,0.8833333333333333
mean_wait_minutes,121,1.3,True,0.15500000000000036,38.44537102381162,0.8833333333333333,0.9
mean_wait_minutes,122,1.3,True,0.16000000000000036,37.90977421156734,0.8833333333333333,0.9
mean_wait_minutes,123,1.3,True,0.16500000000000037,37.19080070130917,0.8833333333333333,0.9
mean_wait_minutes,124,1.3,True,0.17000000000000037,36.563043466539185,0.8666666666666667,0.8833333333333333
mean_wait_minutes,125,1.3,True,0.12500000000000036,43.13559251694416,0.8666666666666667,0.8833333333333333
mean_wait_minutes,126,1.3,True,0.13000000000000037,42.3697072385242,0.8833333333333333,0.8833333333333333
mean_wait_minutes,127,1.3,True,0.08500000000000035,49.47232210919281,0.8833333333333333,0.8833333333333333
mean_wait_minutes,128,1.3,True,0.09000000000000036,48.97097791325508,0.8833333333333333,0.8833333333333333
mean_wait_minutes,129,1.3,True,0.09500000000000036,47.92283552257936,0.8833333333333333,0.8833333333333333
mean_wait_minutes,130,1.3,True,0.10000000000000037,47.15513462696663,0.8833333333333333,0.8833333333333333
mean_wait_minutes,131,1.3,True,0.10500000000000037,46.18893468964936,0.9,0.9
mean_wait_minutes,132,1.3,True,0.11000000000000038,45.57988111653859,0.9,0.9
mean_wait_minutes,133,1.3,True,0.11500000000000038,44.56922785624755,0.9,0.9
mean_wait_minutes,134,1.3,True,0.12000000000000038,44.05324494791157,0.9,0.9
mean_wait_minutes,135,1.3,True,0.1250000000000004,43.13559251694416,0.8833333333333333,0.8833333333333333
mean_wait_minutes,136,1.3,True,0.08000000000000038,50.326722770354934,0.8833333333333333,0.8833333333333333
mean_wait_minutes,137,1.3,True,0.08500000000000038,49.47232210919281,0.8833333333333333,0.8833333333333333
mean_wait_minutes,138,1.3,True,0.09000000000000039,48.97097791325508,0.8833333333333333,0.8833333333333333
mean_wait_minutes,139,1.3,True,0.04500000000000038,60.26866495309854,0.8833333333333333,0.8833333333333333
mean_wait_minutes,140,1.3,True,0.05000000000000038,57.901091023515505,0.8833333333333333,0.8833333333333333
mean_wait_minutes,141,1.3,True,0.05500000000000038,56.74413415835431,0.8833333333333333,0.8833333333333333
mean_wait_minutes,142,1.3,True,0.060000000000000386,55.31161375873795,0.8833333333333333,0.8833333333333333
mean_wait_minutes,143,1.3,True,0.06500000000000039,54.22296974625226,0.8833333333333333,0.8833333333333333
mean_wait_minutes,144,1.3,True,0.0700000000000004,52.99479982338547,0.9,0.9
mean_wait_minutes,145,1.3,True,0.0750000000000004,51.53973382886619,0.9,0.9
mean_wait_minutes,146,1.3,True,0.0800000000000004,50.326722770354934,0.9,0.9
mean_wait_minutes,147,1.3,True,0.08500000000000041,49.47232210919281,0.9,0.9
mean_wait_minutes,148,1.3,True,0.09000000000000041,48.97097791325508,0.8833333333333333,0.8833333333333333
mean_wait_minutes,149,1.3,True,0.04500000000000041,60.26866495309854,0.8833333333333333,0.8833333333333333
mean_wait_minutes,150,1.3,True,0.050000000000000405,57.901091023515505,0.9,0.9
mean_wait_minutes,151,1.3,True,0.05500000000000041,56.74413415835431,0.9166666666666666,0.9
mean_wait_minutes,152,1.3,True,0.060000000000000414,55.31161375873795,0.9,0.8833333333333333
mean_wait_minutes,153,1.3,True,0.015000000000000409,78.18432917615442,0.9,0.8833333333333333
mean_wait_minutes,154,1.3,True,0.02000000000000041,73.47802195443795,0.9,0.8833333333333333
mean_wait_minutes,155,1.3,True,0.02500000000000041,71.24709987897918,0.8833333333333333,0.8833333333333333
mean_wait_minutes,156,1.3,True,0.030000000000000412,67.63365813403104,0.8833333333333333,0.8833333333333333
mean_wait_minutes,157,1.3,True,0.03500000000000041,64.34884276111345,0.8666666666666667,0.8833333333333333
mean_wait_minutes,158,1.3,True,0.04000000000000041,62.21534689886646,0.8666666666666667,0.8833333333333333
mean_wait_minutes,159,1.3,True,0.045000000000000415,60.26866495309854,0.8666666666666667,0.8833333333333333
mean_wait_minutes,160,1.3,True,0.05000000000000042,57.901091023515505,0.8666666666666667,0.8833333333333333
mean_wait_minutes,161,1.3,True,0.055000000000000424,56.74413415835431,0.8666666666666667,0.8833333333333333
mean_wait_minutes,162,1.3,True,0.06000000000000043,55.31161375873795,0.8666666666666667,0.8833333333333333
mean_wait_minutes,163,1.3,True,0.06500000000000043,54.22296974625226,0.85,0.8666666666666667
mean_wait_minutes,164,1.3,True,0.020000000000000427,73.47802195443795,0.85,0.8666666666666667
mean_wait_minutes,165,1.3,True,0.025000000000000428,71.24709987897918,0.85,0.8666666666666667
mean_wait_minutes,166,1.3,True,0.03000000000000043,67.63365813403104,0.85,0.8666666666666667
mean_wait_minutes,167,1.3,True,0.035000000000000434,64.34884276111345,0.85,0.8666666666666667
mean_wait_minutes,168,1.3,True,0.04000000000000044,62.21534689886646,0.85,0.8666666666666667
mean_wait_minutes,169,1.3,True,0.04500000000000044,60.26866495309854,0.85,0.8666666666666667
mean_wait_minutes,170,1.3,True,0.05000000000000045,57.901091023515505,0.85,0.8666666666666667
mean_wait_minutes,171,1.3,True,0.05500000000000045,56.74413415835431,0.8333333333333334,0.8666666666666667
mean_wait_minutes,172,1.3,True,0.060000000000000456,55.31161375873795,0.8333333333333334,0.8833333333333333
mean_wait_minutes,173,1.3,True,0.06500000000000046,54.22296974625226,0.8333333333333334,0.8833333333333333
mean_wait_minutes,174,1.3,True,0.07000000000000046,52.99479982338547,0.8333333333333334,0.8833333333333333
mean_wait_minutes,175,1.3,True,0.07500000000000047,51.53973382886619,0.8333333333333334,0.8833333333333333
mean_wait_minutes,176,1.3,True,0.08000000000000047,50.326722770354934,0.8333333333333334,0.8833333333333333
mean_wait_minutes,177,1.3,True,0.08500000000000048,49.47232210919281,0.8333333333333334,0.8833333333333333
mean_wait_minutes,178,1.3,True,0.09000000000000048,48.97097791325508,0.8333333333333334,0.8833333333333333
mean_wait_minutes,179,1.3,True,0.09500000000000049,47.92283552257936,0.8166666666666667,0.8666666666666667
mean_wait_minutes,180,1.5,False,0.05000000000000048,57.901091023515505,0.8166666666666667,0.8666666666666667
mean_wait_minutes,181,1.5,False,0.05500000000000048,56.74413415835431,0.8166666666666667,0.8666666666666667
mean_wait_minutes,182,1.5,False,0.060000000000000484,55.31161375873795,0.8166666666666667,0.8666666666666667
mean_wait_minutes,183,1.5,False,0.06500000000000049,54.22296974625226,0.8166666666666667,0.8666666666666667
mean_wait_minutes,184,1.5,False,0.07000000000000049,52.99479982338547,0.8166666666666667,0.8666666666666667
mean_wait_minutes,185,1.5,False,0.025000000000000487,71.24709987897918,0.8,0.8666666666666667
mean_wait_minutes,186,1.5,False,0.030000000000000488,67.63365813403104,0.8,0.8833333333333333
mean_wait_minutes,187,1.5,False,0.03500000000000049,64.34884276111345,0.8,0.8833333333333333
mean_wait_minutes,188,1.5,False,0.040000000000000493,62.21534689886646,0.8,0.8833333333333333
mean_wait_minutes,189,1.5,False,0.0450000000000005,60.26866495309854,0.8,0.8833333333333333
mean_wait_minutes,190,1.5,False,0.0500000000000005,57.901091023515505,0.8,0.8833333333333333
mean_wait_minutes,191,1.5,False,0.05500000000000051,56.74413415835431,0.7833333333333333,0.8833333333333333
mean_wait_minutes,192,1.5,False,0.06000000000000051,55.31161375873795,0.7833333333333333,0.8833333333333333
mean_wait_minutes,193,1.5,False,0.06500000000000052,54.22296974625226,0.7666666666666667,0.8666666666666667
mean_wait_minutes,194,1.5,False,0.02000000000000051,73.47802195443795,0.75,0.8666666666666667
mean_wait_minutes,195,1.5,False,0.02500000000000051,71.24709987897918,0.75,0.8666666666666667
mean_wait_minutes,196,1.5,False,-0.019999999999999494,125.33762443222736,0.7333333333333333,0.8666666666666667
mean_wait_minutes,197,1.5,False,-0.014999999999999493,125.33762443222736,0.7166666666666667,0.8666666666666667
mean_wait_minutes,198,1.5,False,-0.009999999999999492,125.33762443222736,0.7333333333333333,0.8833333333333333
mean_wait_minutes,199,1.5,False,-0.004999999999999491,125.33762443222736,0.7166666666666667,0.8833333333333333
mean_wait_minutes,200,1.5,False,5.100087019371813e-16,125.33762443222736,0.7166666666666667,0.8833333333333333
mean_wait_minutes,201,1.5,False,0.005000000000000511,98.11270558105335,0.7,0.8833333333333333
mean_wait_minutes,202,1.5,False,0.010000000000000512,87.87127963399217,0.7,0.8833333333333333
mean_wait_minutes,203,1.5,False,0.015000000000000513,78.18432917615442,0.6833333333333333,0.8833333333333333
mean_wait_minutes,204,1.5,False,0.020000000000000514,73.47802195443795,0.6666666666666666,0.8833333333333333
mean_wait_minutes,205,1.5,False,0.025000000000000515,71.24709987897918,0.6666666666666666,0.8833333333333333
mean_wait_minutes,206,1.5,False,0.030000000000000516,67.63365813403104,0.6666666666666666,0.8833333333333333
mean_wait_minutes,207,1.5,False,0.03500000000000052,64.34884276111345,0.65,0.8666666666666667
mean_wait_minutes,208,1.5,False,-0.009999999999999488,125.33762443222736,0.6666666666666666,0.8833333333333333
mean_wait_minutes,209,1.5,False,-0.0049999999999994875,125.33762443222736,0.6666666666666666,0.8833333333333333
mean_wait_minutes,210,1.5,False,5.134781488891349e-16,125.33762443222736,0.65,0.8833333333333333
mean_wait_minutes,211,1.5,False,0.0050000000000005144,98.11270558105335,0.65,0.8833333333333333
mean_wait_minutes,212,1.5,False,0.010000000000000515,87.87127963399217,0.6666666666666666,0.9
mean_wait_minutes,213,1.5,False,0.015000000000000516,78.18432917615442,0.6666666666666666,0.9
mean_wait_minutes,214,1.5,False,0.020000000000000517,73.47802195443795,0.6666666666666666,0.9
mean_wait_minutes,215,1.5,False,0.02500000000000052,71.24709987897918,0.6833333333333333,0.9
mean_wait_minutes,216,1.5,False,0.03000000000000052,67.63365813403104,0.6666666666666666,0.9
mean_wait_minutes,217,1.5,False,0.03500000000000052,64.34884276111345,0.6666666666666666,0.8833333333333333
mean_wait_minutes,218,1.5,False,-0.009999999999999488,125.33762443222736,0.6666666666666666,0.8833333333333333
mean_wait_minutes,219,1.5,False,-0.0049999999999994875,125.33762443222736,0.65,0.8833333333333333
mean_wait_minutes,220,1.5,False,5.134781488891349e-16,125.33762443222736,0.65,0.8833333333333333
mean_wait_minutes,221,1.5,False,0.0050000000000005144,98.11270558105335,0.65,0.8833333333333333
mean_wait_minutes,222,1.5,False,0.010000000000000515,87.87127963399217,0.65,0.8833333333333333
mean_wait_minutes,223,1.5,False,0.015000000000000516,78.18432917615442,0.6666666666666666,0.9
mean_wait_minutes,224,1.5,False,0.020000000000000517,73.47802195443795,0.65,0.9
mean_wait_minutes,225,1.5,False,0.02500000000000052,71.24709987897918,0.65,0.9
mean_wait_minutes,226,1.5,False,0.03000000000000052,67.63365813403104,0.6333333333333333,0.8833333333333333
mean_wait_minutes,227,1.5,False,-0.014999999999999486,125.33762443222736,0.6333333333333333,0.8833333333333333
mean_wait_minutes,228,1.5,False,-0.009999999999999485,125.33762443222736,0.6333333333333333,0.8833333333333333
mean_wait_minutes,229,1.5,False,-0.004999999999999484,125.33762443222736,0.6333333333333333,0.8833333333333333
mean_wait_minutes,230,1.5,False,5.169475958410885e-16,125.33762443222736,0.6333333333333333,0.8833333333333333
mean_wait_minutes,231,1.5,False,0.005000000000000518,98.11270558105335,0.65,0.8833333333333333
mean_wait_minutes,232,1.5,False,0.010000000000000519,87.87127963399217,0.65,0.8833333333333333
mean_wait_minutes,233,1.5,False,0.01500000000000052,78.18432917615442,0.65,0.8833333333333333
mean_wait_minutes,234,1.5,False,0.02000000000000052,73.47802195443795,0.65,0.8833333333333333
mean_wait_minutes,235,1.5,False,0.025000000000000522,71.24709987897918,0.6333333333333333,0.8833333333333333
mean_wait_minutes,236,1.5,False,0.030000000000000523,67.63365813403104,0.6333333333333333,0.8833333333333333
mean_wait_minutes,237,1.5,False,0.035000000000000524,64.34884276111345,0.6333333333333333,0.8833333333333333
mean_wait_minutes,238,1.5,False,0.04000000000000052,62.21534689886646,0.6166666666666667,0.8666666666666667
mean_wait_minutes,239,1.5,False,-0.004999999999999484,125.33762443222736,0.6333333333333333,0.8833333333333333
mean_wait_minutes,240,1.8,False,5.169475958410885e-16,125.33762443222736,0.6166666666666667,0.8833333333333333
mean_wait_minutes,241,1.8,False,0.005000000000000518,98.11270558105335,0.6,0.8833333333333333
mean_wait_minutes,242,1.8,False,0.010000000000000519,87.87127963399217,0.6,0.8833333333333333
mean_wait_minutes,243,1.8,False,0.01500000000000052,78.18432917615442,0.5833333333333334,0.8666666666666667
mean_wait_minutes,244,1.8,False,-0.029999999999999485,125.33762443222736,0.5833333333333334,0.8833333333333333
mean_wait_minutes,245,1.8,False,-0.024999999999999484,125.33762443222736,0.5833333333333334,0.8833333333333333
mean_wait_minutes,246,1.8,False,-0.019999999999999483,125.33762443222736,0.5833333333333334,0.8833333333333333
mean_wait_minutes,247,1.8,False,-0.014999999999999482,125.33762443222736,0.5833333333333334,0.8833333333333333
mean_wait_minutes,248,1.8,False,-0.009999999999999482,125.33762443222736,0.5833333333333334,0.8833333333333333
mean_wait_minutes,249,1.8,False,-0.0049999999999994806,125.33762443222736,0.5666666666666667,0.8666666666666667
mean_wait_minutes,250,1.8,False,-0.04999999999999949,125.33762443222736,0.5666666666666667,0.8666666666666667
mean_wait_minutes,251,1.8,False,-0.044999999999999485,125.33762443222736,0.5666666666666667,0.8666666666666667
mean_wait_minutes,252,1.8,False,-0.03999999999999948,125.33762443222736,0.5666666666666667,0.8666666666666667
mean_wait_minutes,253,1.8,False,-0.034999999999999476,125.33762443222736,0.5833333333333334,0.8833333333333333
mean_wait_minutes,254,1.8,False,-0.029999999999999475,125.33762443222736,0.6,0.8833333333333333
mean_wait_minutes,255,1.8,False,-0.024999999999999474,125.33762443222736,0.6166666666666667,0.9
mean_wait_minutes,256,1.8,False,-0.019999999999999473,125.33762443222736,0.6333333333333333,0.9
mean_wait_minutes,257,1.8,False,-0.014999999999999472,125.33762443222736,0.65,0.9
mean_wait_minutes,258,1.8,False,-0.009999999999999471,125.33762443222736,0.65,0.9
mean_wait_minutes,259,1.8,False,-0.00499999999999947,125.33762443222736,0.6666666666666666,0.9
mean_wait_minutes,260,1.8,False,5.30825383648903e-16,125.33762443222736,0.65,0.9
mean_wait_minutes,261,1.8,False,0.005000000000000532,98.11270558105335,0.6666666666666666,0.9
mean_wait_minutes,262,1.8,False,0.010000000000000533,87.87127963399217,0.6666666666666666,0.9
mean_wait_minutes,263,1.8,False,0.015000000000000534,78.18432917615442,0.6833333333333333,0.9
mean_wait_minutes,264,1.8,False,0.020000000000000535,73.47802195443795,0.7,0.9
mean_wait_minutes,265,1.8,False,0.025000000000000536,71.24709987897918,0.7,0.9
mean_wait_minutes,266,1.8,False,0.030000000000000537,67.63365813403104,0.7,0.9
mean_wait_minutes,267,1.8,False,0.03500000000000054,64.34884276111345,0.7,0.9
mean_wait_minutes,268,1.8,False,-0.009999999999999468,125.33762443222736,0.6833333333333333,0.9
mean_wait_minutes,269,1.8,False,-0.004999999999999467,125.33762443222736,0.6666666666666666,0.9
mean_wait_minutes,270,1.8,False,5.342948306008566e-16,125.33762443222736,0.6666666666666666,0.9
mean_wait_minutes,271,1.8,False,0.005000000000000535,98.11270558105335,0.65,0.9
mean_wait_minutes,272,1.8,False,0.010000000000000536,87.87127963399217,0.65,0.9
mean_wait_minutes,273,1.8,False,0.015000000000000537,78.18432917615442,0.6333333333333333,0.9
mean_wait_minutes,274,1.8,False,0.020000000000000538,73.47802195443795,0.6166666666666667,0.8833333333333333
mean_wait_minutes,275,1.8,False,-0.024999999999999467,125.33762443222736,0.6,0.8833333333333333
mean_wait_minutes,276,1.8,False,-0.019999999999999466,125.33762443222736,0.6166666666666667,0.8833333333333333
mean_wait_minutes,277,1.8,False,-0.014999999999999465,125.33762443222736,0.6166666666666667,0.9
mean_wait_minutes,278,1.8,False,-0.009999999999999464,125.33762443222736,0.6,0.9
mean_wait_minutes,279,1.8,False,-0.004999999999999463,125.33762443222736,0.6,0.9
mean_wait_minutes,280,1.8,False,5.377642775528102e-16,125.33762443222736,0.5833333333333334,0.9
mean_wait_minutes,281,1.8,False,0.005000000000000539,98.11270558105335,0.5666666666666667,0.8833333333333333
mean_wait_minutes,282,1.8,False,-0.03999999999999947,125.33762443222736,0.55,0.8833333333333333
mean_wait_minutes,283,1.8,False,-0.03499999999999946,125.33762443222736,0.5333333333333333,0.8833333333333333
mean_wait_minutes,284,1.8,False,-0.02999999999999946,125.33762443222736,0.55,0.8833333333333333
mean_wait_minutes,285,1.8,False,-0.02499999999999946,125.33762443222736,0.55,0.8833333333333333
mean_wait_minutes,286,1.8,False,-0.01999999999999946,125.33762443222736,0.55,0.9
mean_wait_minutes,287,1.8,False,-0.014999999999999458,125.33762443222736,0.55,0.9
mean_wait_minutes,288,1.8,False,-0.009999999999999457,125.33762443222736,0.55,0.9
mean_wait_minutes,289,1.8,False,-0.004999999999999456,125.33762443222736,0.5333333333333333,0.9
mean_wait_minutes,290,1.8,False,5.447031714567174e-16,125.33762443222736,0.5333333333333333,0.9
mean_wait_minutes,291,1.8,False,0.005000000000000546,98.11270558105335,0.5166666666666667,0.9
mean_wait_minutes,292,1.8,False,0.010000000000000547,87.87127963399217,0.5166666666666667,0.9
mean_wait_minutes,293,1.8,False,0.015000000000000548,78.18432917615442,0.5,0.8833333333333333
mean_wait_minutes,294,1.8,False,-0.029999999999999458,125.33762443222736,0.5,0.8833333333333333
mean_wait_minutes,295,1.8,False,-0.024999999999999457,125.33762443222736,0.5,0.8833333333333333
mean_wait_minutes,296,1.8,False,-0.019999999999999456,125.33762443222736,0.48333333333333334,0.8833333333333333
mean_wait_minutes,297,1.8,False,-0.014999999999999455,125.33762443222736,0.48333333333333334,0.8833333333333333
mean_wait_minutes,298,1.8,False,-0.009999999999999454,125.33762443222736,0.48333333333333334,0.9
mean_wait_minutes,299,1.8,False,-0.004999999999999453,125.33762443222736,0.4666666666666667,0.9
mean_wait_minutes,300,2.0,False,5.48172618408671e-16,125.33762443222736,0.4666666666666667,0.9
mean_wait_minutes,301,2.0,False,0.005000000000000549,98.11270558105335,0.4666666666666667,0.8833333333333333
mean_wait_minutes,302,2.0,False,-0.03999999999999945,125.33762443222736,0.4666666666666667,0.8833333333333333
mean_wait_minutes,303,2.0,False,-0.03499999999999945,125.33762443222736,0.4666666666666667,0.9
mean_wait_minutes,304,2.0,False,-0.029999999999999447,125.33762443222736,0.48333333333333334,0.9
mean_wait_minutes,305,2.0,False,-0.024999999999999446,125.33762443222736,0.48333333333333334,0.9
mean_wait_minutes,306,2.0,False,-0.019999999999999445,125.33762443222736,0.4666666666666667,0.9
mean_wait_minutes,307,2.0,False,-0.014999999999999444,125.33762443222736,0.4666666666666667,0.9
mean_wait_minutes,308,2.0,False,-0.009999999999999443,125.33762443222736,0.45,0.9
mean_wait_minutes,309,2.0,False,-0.004999999999999442,125.33762443222736,0.4666666666666667,0.9166666666666666
mean_wait_minutes,310,2.0,False,5.585809592645319e-16,125.33762443222736,0.4666666666666667,0.9166666666666666
mean_wait_minutes,311,2.0,False,0.0050000000000005596,98.11270558105335,0.4666666666666667,0.9166666666666666
mean_wait_minutes,312,2.0,False,0.01000000000000056,87.87127963399217,0.4666666666666667,0.9166666666666666
mean_wait_minutes,313,2.0,False,0.015000000000000561,78.18432917615442,0.45,0.9
mean_wait_minutes,314,2.0,False,-0.029999999999999444,125.33762443222736,0.45,0.9
mean_wait_minutes,315,2.0,False,-0.024999999999999443,125.33762443222736,0.45,0.9
mean_wait_minutes,316,2.0,False,-0.019999999999999442,125.33762443222736,0.43333333333333335,0.9
mean_wait_minutes,317,2.0,False,-0.01499999999999944,125.33762443222736,0.4166666666666667,0.9
mean_wait_minutes,318,2.0,False,-0.00999999999999944,125.33762443222736,0.4,0.8833333333333333
mean_wait_minutes,319,2.0,False,-0.054999999999999445,125.33762443222736,0.4,0.8833333333333333
mean_wait_minutes,320,2.0,False,-0.04999999999999945,125.33762443222736,0.4,0.8833333333333333
mean_wait_minutes,321,2.0,False,-0.04499999999999944,125.33762443222736,0.38333333333333336,0.8833333333333333
mean_wait_minutes,322,2.0,False,-0.03999999999999944,125.33762443222736,0.36666666666666664,0.8833333333333333
mean_wait_minutes,323,2.0,False,-0.034999999999999434,125.33762443222736,0.35,0.8833333333333333
mean_wait_minutes,324,2.0,False,-0.029999999999999433,125.33762443222736,0.35,0.8833333333333333
mean_wait_minutes,325,2.0,False,-0.024999999999999432,125.33762443222736,0.35,0.8833333333333333
mean_wait_minutes,326,2.0,False,-0.01999999999999943,125.33762443222736,0.3333333333333333,0.8666666666666667
mean_wait_minutes,327,2.0,False,-0.06499999999999943,125.33762443222736,0.3333333333333333,0.8833333333333333
mean_wait_minutes,328,2.0,False,-0.05999999999999943,125.33762443222736,0.3333333333333333,0.8833333333333333
mean_wait_minutes,329,2.0,False,-0.054999999999999424,125.33762443222736,0.3333333333333333,0.8833333333333333
mean_wait_minutes,330,2.0,False,-0.04999999999999942,125.33762443222736,0.3333333333333333,0.8833333333333333
mean_wait_minutes,331,2.0,False,-0.044999999999999415,125.33762443222736,0.3333333333333333,0.8666666666666667
mean_wait_minutes,332,2.0,False,-0.08999999999999941,125.33762443222736,0.31666666666666665,0.85
mean_wait_minutes,333,2.0,False,-0.13499999999999943,125.33762443222736,0.31666666666666665,0.85
mean_wait_minutes,334,2.0,False,-0.12999999999999942,125.33762443222736,0.31666666666666665,0.8666666666666667
mean_wait_minutes,335,2.0,False,-0.12499999999999942,125.33762443222736,0.31666666666666665,0.85
mean_wait_minutes,336,2.0,False,-0.16999999999999943,125.33762443222736,0.3,0.85
mean_wait_minutes,337,2.0,False,-0.16499999999999942,125.33762443222736,0.31666666666666665,0.85
mean_wait_minutes,338,2.0,False,-0.15999999999999942,125.33762443222736,0.3333333333333333,0.85
mean_wait_minutes,339,2.0,False,-0.15499999999999942,125.33762443222736,0.3333333333333333,0.85
mean_wait_minutes,340,2.0,False,-0.1499999999999994,125.33762443222736,0.35,0.85
mean_wait_minutes,341,2.0,False,-0.1449999999999994,125.33762443222736,0.35,0.8666666666666667
mean_wait_minutes,342,2.0,False,-0.1399999999999994,125.33762443222736,0.35,0.85
mean_wait_minutes,343,2.0,False,-0.18499999999999941,125.33762443222736,0.35,0.8333333333333334
mean_wait_minutes,344,2.0,False,-0.22999999999999943,125.33762443222736,0.3333333333333333,0.8333333333333334
mean_wait_minutes,345,2.0,False,-0.22499999999999942,125.33762443222736,0.31666666666666665,0.8333333333333334
mean_wait_minutes,346,2.0,False,-0.21999999999999942,125.33762443222736,0.31666666666666665,0.8166666666666667
mean_wait_minutes,347,2.0,False,-0.2649999999999994,125.33762443222736,0.3,0.8
mean_wait_minutes,348,2.0,False,-0.3099999999999994,125.33762443222736,0.3,0.8
mean_wait_minutes,349,2.0,False,-0.3049999999999994,125.33762443222736,0.3,0.8
mean_wait_minutes,350,2.0,False,-0.2999999999999994,125.33762443222736,0.2833333333333333,0.8
mean_wait_minutes,351,2.0,False,-0.2949999999999994,125.33762443222736,0.3,0.8
mean_wait_minutes,352,2.0,False,-0.28999999999999937,125.33762443222736,0.3,0.7833333333333333
mean_wait_minutes,353,2.0,False,-0.33499999999999935,125.33762443222736,0.3,0.8
mean_wait_minutes,354,2.0,False,-0.32999999999999935,125.33762443222736,0.2833333333333333,0.7833333333333333
mean_wait_minutes,355,2.0,False,-0.37499999999999933,125.33762443222736,0.3,0.7833333333333333
mean_wait_minutes,356,2.0,False,-0.36999999999999933,125.33762443222736,0.31666666666666665,0.7833333333333333
mean_wait_minutes,357,2.0,False,-0.3649999999999993,125.33762443222736,0.3,0.7666666666666667
mean_wait_minutes,358,2.0,False,-0.4099999999999993,125.33762443222736,0.31666666666666665,0.7666666666666667
mean_wait_minutes,359,2.0,False,-0.4049999999999993,125.33762443222736,0.31666666666666665,0.75
mean_wait_minutes,360,2.5,False,-0.4499999999999993,125.33762443222736,0.31666666666666665,0.75
mean_wait_minutes,361,2.5,False,-0.4449999999999993,125.33762443222736,0.3333333333333333,0.7666666666666667
mean_wait_minutes,362,2.5,False,-0.4399999999999993,125.33762443222736,0.31666666666666665,0.7666666666666667
mean_wait_minutes,363,2.5,False,-0.4349999999999993,125.33762443222736,0.31666666666666665,0.75
mean_wait_minutes,364,2.5,False,-0.47999999999999926,125.33762443222736,0.3,0.75
mean_wait_minutes,365,2.5,False,-0.47499999999999926,125.33762443222736,0.3,0.7333333333333333
mean_wait_minutes,366,2.5,False,-0.5199999999999992,125.33762443222736,0.3,0.7166666666666667
mean_wait_minutes,367,2.5,False,-0.5649999999999993,125.33762443222736,0.3,0.7166666666666667
mean_wait_minutes,368,2.5,False,-0.5599999999999993,125.33762443222736,0.31666666666666665,0.7166666666666667
mean_wait_minutes,369,2.5,False,-0.5549999999999993,125.33762443222736,0.3,0.7166666666666667
mean_wait_minutes,370,2.5,False,-0.5499999999999993,125.33762443222736,0.2833333333333333,0.7166666666666667
mean_wait_minutes,371,2.5,False,-0.5449999999999993,125.33762443222736,0.2833333333333333,0.7
mean_wait_minutes,372,2.5,False,-0.5899999999999993,125.33762443222736,0.26666666666666666,0.6833333333333333
mean_wait_minutes,373,2.5,False,-0.6349999999999993,125.33762443222736,0.2833333333333333,0.7
mean_wait_minutes,374,2.5,False,-0.6299999999999993,125.33762443222736,0.26666666666666666,0.7
mean_wait_minutes,375,2.5,False,-0.6249999999999993,125.33762443222736,0.25,0.6833333333333333
mean_wait_minutes,376,2.5,False,-0.6699999999999994,125.33762443222736,0.25,0.6666666666666666
mean_wait_minutes,377,2.5,False,-0.7149999999999994,125.33762443222736,0.25,0.65
mean_wait_minutes,378,2.5,False,-0.7599999999999995,125.33762443222736,0.26666666666666666,0.6666666666666666
mean_wait_minutes,379,2.5,False,-0.7549999999999994,125.33762443222736,0.26666666666666666,0.6666666666666666
mean_wait_minutes,380,2.5,False,-0.7499999999999994,125.33762443222736,0.26666666666666666,0.65
mean_wait_minutes,381,2.5,False,-0.7949999999999995,125.33762443222736,0.26666666666666666,0.65
mean_wait_minutes,382,2.5,False,-0.7899999999999995,125.33762443222736,0.26666666666666666,0.65
mean_wait_minutes,383,2.5,False,-0.7849999999999995,125.33762443222736,0.26666666666666666,0.6333333333333333
mean_wait_minutes,384,2.5,False,-0.8299999999999995,125.33762443222736,0.25,0.6166666666666667
mean_wait_minutes,385,2.5,False,-0.8749999999999996,125.33762443222736,0.23333333333333334,0.6
mean_wait_minutes,386,2.5,False,-0.9199999999999996,125.33762443222736,0.23333333333333334,0.6
mean_wait_minutes,387,2.5,False,-0.9649999999999996,125.33762443222736,0.23333333333333334,0.6
mean_wait_minutes,388,2.5,False,-0.9599999999999996,125.33762443222736,0.25,0.6
mean_wait_minutes,389,2.5,False,-0.9549999999999996,125.33762443222736,0.25,0.5833333333333334
mean_wait_minutes,390,2.5,False,-0.9999999999999997,125.33762443222736,0.26666666666666666,0.5833333333333334
mean_wait_minutes,391,2.5,False,-0.9949999999999997,125.33762443222736,0.26666666666666666,0.5833333333333334
mean_wait_minutes,392,2.5,False,-1.0399999999999996,125.33762443222736,0.2833333333333333,0.6
mean_wait_minutes,393,2.5,False,-1.0349999999999997,125.33762443222736,0.2833333333333333,0.5833333333333334
mean_wait_minutes,394,2.5,False,-1.0799999999999996,125.33762443222736,0.2833333333333333,0.5666666666666667
mean_wait_minutes,395,2.5,False,-1.1249999999999996,125.33762443222736,0.2833333333333333,0.5833333333333334
mean_wait_minutes,396,2.5,False,-1.1199999999999997,125.33762443222736,0.2833333333333333,0.5666666666666667
mean_wait_minutes,397,2.5,False,-1.1649999999999996,125.33762443222736,0.26666666666666666,0.5666666666666667
mean_wait_minutes,398,2.5,False,-1.1599999999999997,125.33762443222736,0.25,0.55
mean_wait_minutes,399,2.5,False,-1.2049999999999996,125.33762443222736,0.26666666666666666,0.55
mean_wait_minutes,400,2.5,False,-1.1999999999999997,125.33762443222736,0.26666666666666666,0.55
mean_wait_minutes,401,2.5,False,-1.1949999999999998,125.33762443222736,0.26666666666666666,0.55
mean_wait_minutes,402,2.5,False,-1.19,125.33762443222736,0.26666666666666666,0.55
mean_wait_minutes,403,2.5,False,-1.2349999999999999,125.33762443222736,0.26666666666666666,0.5666666666666667
mean_wait_minutes,404,2.5,False,-1.23,125.33762443222736,0.26666666666666666,0.55
mean_wait_minutes,405,2.5,False,-1.275,125.33762443222736,0.26666666666666666,0.55
mean_wait_minutes,406,2.5,False,-1.27,125.33762443222736,0.26666666666666666,0.55
mean_wait_minutes,407,2.5,False,-1.315,125.33762443222736,0.2833333333333333,0.5666666666666667
mean_wait_minutes,408,2.5,False,-1.31,125.33762443222736,0.26666666666666666,0.55
mean_wait_minutes,409,2.5,False,-1.355,125.33762443222736,0.2833333333333333,0.55
mean_wait_minutes,410,2.5,False,-1.35,125.33762443222736,0.3,0.55
mean_wait_minutes,411,2.5,False,-1.3450000000000002,125.33762443222736,0.2833333333333333,0.55
mean_wait_minutes,412,2.5,False,-1.3400000000000003,125.33762443222736,0.3,0.5666666666666667
mean_wait_minutes,413,2.5,False,-1.3350000000000004,125.33762443222736,0.3,0.55
mean_wait_minutes,414,2.5,False,-1.3800000000000003,125.33762443222736,0.3,0.5666666666666667
mean_wait_minutes,415,2.5,False,-1.3750000000000004,125.33762443222736,0.2833333333333333,0.55
mean_wait_minutes,416,2.5,False,-1.4200000000000004,125.33762443222736,0.2833333333333333,0.55
mean_wait_minutes,417,2.5,False,-1.4150000000000005,125.33762443222736,0.2833333333333333,0.55
mean_wait_minutes,418,2.5,False,-1.4600000000000004,125.33762443222736,0.2833333333333333,0.55
mean_wait_minutes,419,2.5,False,-1.4550000000000005,125.33762443222736,0.3,0.5666666666666667
mean_wait_minutes,420,3.0,False,-1.4500000000000006,125.33762443222736,0.3,0.5666666666666667
mean_wait_minutes,421,3.0,False,-1.4450000000000007,125.33762443222736,0.2833333333333333,0.5666666666666667
mean_wait_minutes,422,3.0,False,-1.4400000000000008,125.33762443222736,0.2833333333333333,0.5666666666666667
mean_wait_minutes,423,3.0,False,-1.435000000000001,125.33762443222736,0.2833333333333333,0.5666666666666667
mean_wait_minutes,424,3.0,False,-1.4800000000000009,125.33762443222736,0.3,0.5666666666666667
mean_wait_minutes,425,3.0,False,-1.475000000000001,125.33762443222736,0.3,0.5833333333333334
mean_wait_minutes,426,3.0,False,-1.470000000000001,125.33762443222736,0.3,0.6
mean_wait_minutes,427,3.0,False,-1.4650000000000012,125.33762443222736,0.2833333333333333,0.5833333333333334
mean_wait_minutes,428,3.0,False,-1.5100000000000011,125.33762443222736,0.26666666666666666,0.5833333333333334
mean_wait_minutes,429,3.0,False,-1.5050000000000012,125.33762443222736,0.26666666666666666,0.5666666666666667
mean_wait_minutes,430,3.0,False,-1.5500000000000012,125.33762443222736,0.2833333333333333,0.5666666666666667
mean_wait_minutes,431,3.0,False,-1.5450000000000013,125.33762443222736,0.2833333333333333,0.5666666666666667
mean_wait_minutes,432,3.0,False,-1.5900000000000012,125.33762443222736,0.2833333333333333,0.5833333333333334
mean_wait_minutes,433,3.0,False,-1.5850000000000013,125.33762443222736,0.26666666666666666,0.5833333333333334
mean_wait_minutes,434,3.0,False,-1.5800000000000014,125.33762443222736,0.26666666666666666,0.5833333333333334
mean_wait_minutes,435,3.0,False,-1.5750000000000015,125.33762443222736,0.26666666666666666,0.6
mean_wait_minutes,436,3.0,False,-1.5700000000000016,125.33762443222736,0.26666666666666666,0.6166666666666667
mean_wait_minutes,437,3.0,False,-1.5650000000000017,125.33762443222736,0.26666666666666666,0.6333333333333333
mean_wait_minutes,438,3.0,False,-1.5600000000000018,125.33762443222736,0.25,0.6166666666666667
mean_wait_minutes,439,3.0,False,-1.6050000000000018,125.33762443222736,0.23333333333333334,0.6166666666666667
mean_wait_minutes,440,3.0,False,-1.6000000000000019,125.33762443222736,0.25,0.6333333333333333
mean_wait_minutes,441,3.0,False,-1.595000000000002,125.33762443222736,0.25,0.6333333333333333
mean_wait_minutes,442,3.0,False,-1.590000000000002,125.33762443222736,0.25,0.6333333333333333
mean_wait_minutes,443,3.0,False,-1.5850000000000022,125.33762443222736,0.25,0.65
mean_wait_minutes,444,3.0,False,-1.5800000000000023,125.33762443222736,0.25,0.65
mean_wait_minutes,445,3.0,False,-1.6250000000000022,125.33762443222736,0.25,0.65
mean_wait_minutes,446,3.0,False,-1.6700000000000021,125.33762443222736,0.25,0.65
mean_wait_minutes,447,3.0,False,-1.715000000000002,125.33762443222736,0.25,0.65
mean_wait_minutes,448,3.0,False,-1.7100000000000022,125.33762443222736,0.23333333333333334,0.65
mean_wait_minutes,449,3.0,False,-1.7050000000000023,125.33762443222736,0.23333333333333334,0.6666666666666666
mean_wait_minutes,450,3.0,False,-1.7000000000000024,125.33762443222736,0.23333333333333334,0.6666666666666666
mean_wait_minutes,451,3.0,False,-1.6950000000000025,125.33762443222736,0.23333333333333334,0.6833333333333333
mean_wait_minutes,452,3.0,False,-1.6900000000000026,125.33762443222736,0.21666666666666667,0.6833333333333333
mean_wait_minutes,453,3.0,False,-1.6850000000000027,125.33762443222736,0.21666666666666667,0.7
mean_wait_minutes,454,3.0,False,-1.6800000000000028,125.33762443222736,0.21666666666666667,0.7
mean_wait_minutes,455,3.0,False,-1.7250000000000028,125.33762443222736,0.21666666666666667,0.7
mean_wait_minutes,456,3.0,False,-1.7200000000000029,125.33762443222736,0.21666666666666667,0.7166666666666667
mean_wait_minutes,457,3.0,False,-1.715000000000003,125.33762443222736,0.21666666666666667,0.7
mean_wait_minutes,458,3.0,False,-1.760000000000003,125.33762443222736,0.21666666666666667,0.7
mean_wait_minutes,459,3.0,False,-1.8050000000000028,125.33762443222736,0.21666666666666667,0.7
mean_wait_minutes,460,3.0,False,-1.800000000000003,125.33762443222736,0.2,0.7
mean_wait_minutes,461,3.0,False,-1.795000000000003,125.33762443222736,0.21666666666666667,0.7
mean_wait_minutes,462,3.0,False,-1.7900000000000031,125.33762443222736,0.21666666666666667,0.7166666666666667
mean_wait_minutes,463,3.0,False,-1.7850000000000033,125.33762443222736,0.21666666666666667,0.7166666666666667
mean_wait_minutes,464,3.0,False,-1.7800000000000034,125.33762443222736,0.21666666666666667,0.7166666666666667
mean_wait_minutes,465,3.0,False,-1.8250000000000033,125.33762443222736,0.21666666666666667,0.7166666666666667
mean_wait_minutes,466,3.0,False,-1.8200000000000034,125.33762443222736,0.21666666666666667,0.7166666666666667
mean_wait_minutes,467,3.0,False,-1.8650000000000033,125.33762443222736,0.21666666666666667,0.7166666666666667
mean_wait_minutes,468,3.0,False,-1.8600000000000034,125.33762443222736,0.21666666666666667,0.7333333333333333
mean_wait_minutes,469,3.0,False,-1.8550000000000035,125.33762443222736,0.2,0.7333333333333333
mean_wait_minutes,470,3.0,False,-1.8500000000000036,125.33762443222736,0.18333333333333332,0.7333333333333333
mean_wait_minutes,471,3.0,False,-1.8450000000000037,125.33762443222736,0.18333333333333332,0.7166666666666667
mean_wait_minutes,472,3.0,False,-1.8900000000000037,125.33762443222736,0.16666666666666666,0.7166666666666667
mean_wait_minutes,473,3.0,False,-1.8850000000000038,125.33762443222736,0.16666666666666666,0.7166666666666667
mean_wait_minutes,474,3.0,False,-1.9300000000000037,125.33762443222736,0.16666666666666666,0.7166666666666667
mean_wait_minutes,475,3.0,False,-1.9250000000000038,125.33762443222736,0.16666666666666666,0.7333333333333333
mean_wait_minutes,476,3.0,False,-1.920000000000004,125.33762443222736,0.15,0.7166666666666667
mean_wait_minutes,477,3.0,False,-1.9650000000000039,125.33762443222736,0.15,0.7166666666666667
mean_wait_minutes,478,3.0,False,-2.010000000000004,125.33762443222736,0.13333333333333333,0.7
mean_wait_minutes,479,3.0,False,-2.0550000000000037,125.33762443222736,0.11666666666666667,0.7
mean_total_minutes,0,0.8,True,0.1,46.3862645071311,0.0,0.0
mean_total_minutes,1,0.8,True,0.055,57.6575252355743,0.5,0.5
mean_total_minutes,2,0.8,True,0.06,56.638249514548534,0.6666666666666666,0.6666666666666666
mean_total_minutes,3,0.8,True,0.065,54.74872337843527,0.75,0.75
mean_total_minutes,4,0.8,True,0.07,52.97917552583567,0.8,0.8
mean_total_minutes,5,0.8,True,0.07500000000000001,51.82221033997388,0.8333333333333334,0.8333333333333334
mean_total_minutes,6,0.8,True,0.08000000000000002,50.694880714401336,0.8571428571428571,0.8571428571428571
mean_total_minutes,7,0.8,True,0.08500000000000002,50.04393166237128,0.75,0.75
mean_total_minutes,8,0.8,True,0.040000000000000015,62.3395125783461,0.7777777777777778,0.7777777777777778
mean_total_minutes,9,0.8,True,0.04500000000000001,61.35343551591791,0.8,0.8
mean_total_minutes,10,0.8,True,0.05000000000000002,59.02455893982574,0.8181818181818182,0.8181818181818182
mean_total_minutes,11,0.8,True,0.05500000000000002,57.6575252355743,0.8333333333333334,0.8333333333333334
mean_total_minutes,12,0.8,True,0.060000000000000026,56.638249514548534,0.8461538461538461,0.8461538461538461
mean_total_minutes,13,0.8,True,0.06500000000000003,54.74872337843527,0.8571428571428571,0.8571428571428571
mean_total_minutes,14,0.8,True,0.07000000000000003,52.97917552583567,0.8,0.8
mean_total_minutes,15,0.8,True,0.02500000000000003,71.85895096537706,0.8125,0.8125
mean_total_minutes,16,0.8,True,0.03000000000000003,67.31201249334629,0.8235294117647058,0.8235294117647058
mean_total_minutes,17,0.8,True,0.03500000000000003,65.12005044251379,0.8333333333333334,0.8333333333333334
mean_total_minutes,18,0.8,True,0.040000000000000036,62.3395125783461,0.8421052631578947,0.8421052631578947
mean_total_minutes,19,0.8,True,0.04500000000000004,61.35343551591791,0.85,0.85
mean_total_minutes,20,0.8,True,0.050000000000000044,59.02455893982574,0.8571428571428571,0.8571428571428571
mean_total_minutes,21,0.8,True,0.05500000000000005,57.6575252355743,0.8636363636363636,0.8636363636363636
mean_total_minutes,22,0.8,True,0.06000000000000005,56.638249514548534,0.8695652173913043,0.8695652173913043
mean_total_minutes,23,0.8,True,0.06500000000000006,54.74872337843527,0.875,0.875
mean_total_minutes,24,0.8,True,0.07000000000000006,52.97917552583567,0.88,0.88
mean_total_minutes,25,0.8,True,0.07500000000000007,51.82221033997388,0.8846153846153846,0.8846153846153846
mean_total_minutes,26,0.8,True,0.08000000000000007,50.694880714401336,0.8888888888888888,0.8888888888888888
mean_total_minutes,27,0.8,True,0.08500000000000008,50.04393166237128,0.8928571428571429,0.8928571428571429
mean_total_minutes,28,0.8,True,0.09000000000000008,48.20990281344041,0.896551724137931,0.896551724137931
mean_total_minutes,29,0.8,True,0.09500000000000008,47.46325291501722,0.9,0.9
mean_total_minutes,30,0.8,True,0.10000000000000009,46.3862645071311,0.9032258064516129,0.9032258064516129
mean_total_minutes,31,0.8,True,0.1050000000000001,45.531070471942826,0.90625,0.90625
mean_total_minutes,32,0.8,True,0.1100000000000001,44.95242664060555,0.9090909090909091,0.9090909090909091
mean_total_minutes,33,0.8,True,0.1150000000000001,44.295894042020166,0.9117647058823529,0.9117647058823529
mean_total_minutes,34,0.8,True,0.1200000000000001,43.48797213785326,0.9142857142857143,0.9142857142857143
mean_total_minutes,35,0.8,True,0.1250000000000001,43.023786268899414,0.9166666666666666,0.9166666666666666
mean_total_minutes,36,0.8,True,0.13000000000000012,41.83439487280452,0.918918918918919,0.918918918918919
mean_total_minutes,37,0.8,True,0.13500000000000012,41.37557696313246,0.9210526315789473,0.9210526315789473
mean_total_minutes,38,0.8,True,0.14000000000000012,40.82093362438485,0.9230769230769231,0.9230769230769231
mean_total_minutes,39,0.8,True,0.14500000000000013,40.36146076926059,0.925,0.925
mean_total_minutes,40,0.8,True,0.15000000000000013,39.826218099452035,0.926829268292683,0.926829268292683
mean_total_minutes,41,0.8,True,0.15500000000000014,38.41191537122188,0.9285714285714286,0.9285714285714286
mean_total_minutes,42,0.8,True,0.16000000000000014,37.06811752665169,0.9302325581395349,0.9069767441860465
mean_total_minutes,43,0.8,True,0.11500000000000013,44.295894042020166,0.9318181818181818,0.9090909090909091
mean_total_minutes,44,0.8,True,0.12000000000000013,43.48797213785326,0.9333333333333333,0.9111111111111111
mean_total_minutes,45,0.8,True,0.12500000000000014,43.023786268899414,0.9347826086956522,0.9130434782608695
mean_total_minutes,46,0.8,True,0.13000000000000014,41.83439487280452,0.9361702127659575,0.9148936170212766
mean_total_minutes,47,0.8,True,0.13500000000000015,41.37557696313246,0.9375,0.9166666666666666
mean_total_minutes,48,0.8,True,0.14000000000000015,40.82093362438485,0.9387755102040817,0.9183673469387755
mean_total_minutes,49,0.8,True,0.14500000000000016,40.36146076926059,0.92,0.9
mean_total_minutes,50,0.8,True,0.10000000000000014,46.3862645071311,0.9215686274509803,0.9019607843137255
mean_total_minutes,51,0.8,True,0.10500000000000015,45.531070471942826,0.9230769230769231,0.9038461538461539
mean_total_minutes,52,0.8,True,0.11000000000000015,44.95242664060555,0.9245283018867925,0.9056603773584906
mean_total_minutes,53,0.8,True,0.11500000000000016,44.295894042020166,0.9259259259259259,0.9074074074074074
mean_total_minutes,54,0.8,True,0.12000000000000016,43.48797213785326,0.9272727272727272,0.9090909090909091
mean_total_minutes,55,0.8,True,0.12500000000000017,43.023786268899414,0.9285714285714286,0.9107142857142857
mean_total_minutes,56,0.8,True,0.13000000000000017,41.83439487280452,0.9298245614035088,0.9122807017543859
mean_total_minutes,57,0.8,True,0.13500000000000018,41.37557696313246,0.9310344827586207,0.9137931034482759
mean_total_minutes,58,0.8,True,0.14000000000000018,40.82093362438485,0.9322033898305084,0.9152542372881356
mean_total_minutes,59,0.8,True,0.14500000000000018,40.36146076926059,0.9333333333333333,0.9166666666666666
mean_total_minutes,60,1.0,True,0.1500000000000002,39.826218099452035,0.95,0.9333333333333333
mean_total_minutes,61,1.0,True,0.1550000000000002,38.41191537122188,0.95,0.9333333333333333
mean_total_minutes,62,1.0,True,0.1600000000000002,37.06811752665169,0.95,0.9333333333333333
mean_total_minutes,63,1.0,True,0.1650000000000002,36.76539475618466,0.95,0.9333333333333333
mean_total_minutes,64,1.0,True,0.1700000000000002,36.03309085955988,0.95,0.9333333333333333
mean_total_minutes,65,1.0,True,0.1750000000000002,35.59600833778802,0.95,0.9333333333333333
mean_total_minutes,66,1.0,True,0.18000000000000022,35.26703870305198,0.9333333333333333,0.9166666666666666
mean_total_minutes,67,1.0,True,0.1350000000000002,41.37557696313246,0.9333333333333333,0.9166666666666666
mean_total_minutes,68,1.0,True,0.09000000000000019,48.20990281344041,0.9333333333333333,0.9166666666666666
mean_total_minutes,69,1.0,True,0.0950000000000002,47.46325291501722,0.9333333333333333,0.9166666666666666
mean_total_minutes,70,1.0,True,0.1000000000000002,46.3862645071311,0.9333333333333333,0.9166666666666666
mean_total_minutes,71,1.0,True,0.1050000000000002,45.531070471942826,0.9333333333333333,0.9166666666666666
mean_total_minutes,72,1.0,True,0.11000000000000021,44.95242664060555,0.9333333333333333,0.9166666666666666
mean_total_minutes,73,1.0,True,0.11500000000000021,44.295894042020166,0.9333333333333333,0.9166666666666666
mean_total_minutes,74,1.0,True,0.12000000000000022,43.48797213785326,0.95,0.9333333333333333
mean_total_minutes,75,1.0,True,0.12500000000000022,43.023786268899414,0.95,0.9333333333333333
mean_total_minutes,76,1.0,True,0.13000000000000023,41.83439487280452,0.95,0.9333333333333333
mean_total_minutes,77,1.0,True,0.13500000000000023,41.37557696313246,0.95,0.9333333333333333
mean_total_minutes,78,1.0,True,0.14000000000000024,40.82093362438485,0.95,0.9333333333333333
mean_total_minutes,79,1.0,True,0.14500000000000024,40.36146076926059,0.9333333333333333,0.9166666666666666
mean_total_minutes,80,1.0,True,0.10000000000000023,46.3862645071311,0.9333333333333333,0.9166666666666666
mean_total_minutes,81,1.0,True,0.10500000000000023,45.531070471942826,0.9333333333333333,0.9166666666666666
mean_total_minutes,82,1.0,True,0.11000000000000024,44.95242664060555,0.9333333333333333,0.9166666666666666
mean_total_minutes,83,1.0,True,0.11500000000000024,44.295894042020166,0.9333333333333333,0.9166666666666666
mean_total_minutes,84,1.0,True,0.12000000000000025,43.48797213785326,0.9166666666666666,0.9
mean_total_minutes,85,1.0,True,0.07500000000000023,51.82221033997388,0.9166666666666666,0.9
mean_total_minutes,86,1.0,True,0.08000000000000024,50.694880714401336,0.9166666666666666,0.9
mean_total_minutes,87,1.0,True,0.08500000000000024,50.04393166237128,0.9166666666666666,0.9
mean_total_minutes,88,1.0,True,0.09000000000000025,48.20990281344041,0.9166666666666666,0.9
mean_total_minutes,89,1.0,True,0.09500000000000025,47.46325291501722,0.9166666666666666,0.9
mean_total_minutes,90,1.0,True,0.10000000000000026,46.3862645071311,0.9,0.8833333333333333
mean_total_minutes,91,1.0,True,0.05500000000000025,57.6575252355743,0.9,0.8833333333333333
mean_total_minutes,92,1.0,True,0.06000000000000025,56.638249514548534,0.9,0.8833333333333333
mean_total_minutes,93,1.0,True,0.06500000000000025,54.74872337843527,0.9,0.8833333333333333
mean_total_minutes,94,1.0,True,0.07000000000000026,52.97917552583567,0.9,0.8833333333333333
mean_total_minutes,95,1.0,True,0.07500000000000026,51.82221033997388,0.9,0.8833333333333333
mean_total_minutes,96,1.0,True,0.08000000000000027,50.694880714401336,0.9,0.8833333333333333
mean_total_minutes,97,1.0,True,0.08500000000000027,50.04393166237128,0.9,0.8833333333333333
mean_total_minutes,98,1.0,True,0.09000000000000027,48.20990281344041,0.9,0.8833333333333333
mean_total_minutes,99,1.0,True,0.09500000000000028,47.46325291501722,0.9,0.8833333333333333
mean_total_minutes,100,1.0,True,0.10000000000000028,46.3862645071311,0.9,0.8833333333333333
mean_total_minutes,101,1.0,True,0.10500000000000029,45.531070471942826,0.9,0.8833333333333333
mean_total_minutes,102,1.0,True,0.11000000000000029,44.95242664060555,0.9,0.9
mean_total_minutes,103,1.0,True,0.1150000000000003,44.295894042020166,0.9,0.9
mean_total_minutes,104,1.0,True,0.1200000000000003,43.48797213785326,0.9,0.9
mean_total_minutes,105,1.0,True,0.1250000000000003,43.023786268899414,0.9,0.9
mean_total_minutes,106,1.0,True,0.1300000000000003,41.83439487280452,0.9,0.9
mean_total_minutes,107,1.0,True,0.13500000000000031,41.37557696313246,0.9,0.9
mean_total_minutes,108,1.0,True,0.14000000000000032,40.82093362438485,0.9,0.9
mean_total_minutes,109,1.0,True,0.14500000000000032,40.36146076926059,0.9166666666666666,0.9166666666666666
mean_total_minutes,110,1.0,True,0.15000000000000033,39.826218099452035,0.9166666666666666,0.9166666666666666
mean_total_minutes,111,1.0,True,0.15500000000000033,38.41191537122188,0.9166666666666666,0.9166666666666666
mean_total_minutes,112,1.0,True,0.16000000000000034,37.06811752665169,0.9,0.9
mean_total_minutes,113,1.0,True,0.11500000000000032,44.295894042020166,0.9,0.9
mean_total_minutes,114,1.0,True,0.12000000000000033,43.48797213785326,0.9,0.9
mean_total_minutes,115,1.0,True,0.12500000000000033,43.023786268899414,0.9,0.9
mean_total_minutes,116,1.0,True,0.13000000000000034,41.83439487280452,0.9,0.9
mean_total_minutes,117,1.0,True,0.13500000000000034,41.37557696313246,0.9,0.9
mean_total_minutes,118,1.0,True,0.14000000000000035,40.82093362438485,0.9,0.9
mean_total_minutes,119,1.0,True,0.14500000000000035,40.36146076926059,0.9,0.9
mean_total_minutes,120,1.3,True,0.15000000000000036,39.826218099452035,0.9,0.9
mean_total_minutes,121,1.3,True,0.15500000000000036,38.41191537122188,0.9,0.9
mean_total_minutes,122,1.3,True,0.16000000000000036,37.06811752665169,0.9,0.9
mean_total_minutes,123,1.3,True,0.16500000000000037,36.76539475618466,0.9,0.9
mean_total_minutes,124,1.3,True,0.17000000000000037,36.03309085955988,0.8833333333333333,0.8833333333333333
mean_total_minutes,125,1.3,True,0.12500000000000036,43.023786268899414,0.8833333333333333,0.8833333333333333
mean_total_minutes,126,1.3,True,0.13000000000000037,41.83439487280452,0.9,0.9
mean_total_minutes,127,1.3,True,0.13500000000000037,41.37557696313246,0.9166666666666666,0.9
mean_total_minutes,128,1.3,True,0.09000000000000036,48.20990281344041,0.9166666666666666,0.9
mean_total_minutes,129,1.3,True,0.09500000000000036,47.46325291501722,0.9166666666666666,0.9
mean_total_minutes,130,1.3,True,0.10000000000000037,46.3862645071311,0.9166666666666666,0.9
mean_total_minutes,131,1.3,True,0.10500000000000037,45.531070471942826,0.9166666666666666,0.9
mean_total_minutes,132,1.3,True,0.11000000000000038,44.95242664060555,0.9166666666666666,0.9
mean_total_minutes,133,1.3,True,0.11500000000000038,44.295894042020166,0.9166666666666666,0.9
mean_total_minutes,134,1.3,True,0.12000000000000038,43.48797213785326,0.9166666666666666,0.9
mean_total_minutes,135,1.3,True,0.1250000000000004,43.023786268899414,0.9166666666666666,0.9
mean_total_minutes,136,1.3,True,0.1300000000000004,41.83439487280452,0.9166666666666666,0.9
mean_total_minutes,137,1.3,True,0.1350000000000004,41.37557696313246,0.9166666666666666,0.9
mean_total_minutes,138,1.3,True,0.1400000000000004,40.82093362438485,0.9,0.8833333333333333
mean_total_minutes,139,1.3,True,0.09500000000000039,47.46325291501722,0.9166666666666666,0.9
mean_total_minutes,140,1.3,True,0.1000000000000004,46.3862645071311,0.9166666666666666,0.9
mean_total_minutes,141,1.3,True,0.1050000000000004,45.531070471942826,0.9166666666666666,0.9
mean_total_minutes,142,1.3,True,0.1100000000000004,44.95242664060555,0.9166666666666666,0.9
mean_total_minutes,143,1.3,True,0.11500000000000041,44.295894042020166,0.9166666666666666,0.9
mean_total_minutes,144,1.3,True,0.12000000000000041,43.48797213785326,0.9333333333333333,0.9166666666666666
mean_total_minutes,145,1.3,True,0.12500000000000042,43.023786268899414,0.9333333333333333,0.9166666666666666
mean_total_minutes,146,1.3,True,0.13000000000000042,41.83439487280452,0.9333333333333333,0.9166666666666666
mean_total_minutes,147,1.3,True,0.13500000000000043,41.37557696313246,0.9333333333333333,0.9166666666666666
mean_total_minutes,148,1.3,True,0.14000000000000043,40.82093362438485,0.9166666666666666,0.9
mean_total_minutes,149,1.3,True,0.09500000000000042,47.46325291501722,0.9166666666666666,0.9
mean_total_minutes,150,1.3,True,0.10000000000000042,46.3862645071311,0.9333333333333333,0.9166666666666666
mean_total_minutes,151,1.3,True,0.10500000000000043,45.531070471942826,0.9333333333333333,0.9166666666666666
mean_total_minutes,152,1.3,True,0.11000000000000043,44.95242664060555,0.9166666666666666,0.9
mean_total_minutes,153,1.3,True,0.06500000000000042,54.74872337843527,0.9166666666666666,0.9
mean_total_minutes,154,1.3,True,0.07000000000000042,52.97917552583567,0.9166666666666666,0.9
mean_total_minutes,155,1.3,True,0.07500000000000043,51.82221033997388,0.9,0.8833333333333333
mean_total_minutes,156,1.3,True,0.030000000000000422,67.31201249334629,0.9,0.8833333333333333
mean_total_minutes,157,1.3,True,0.03500000000000042,65.12005044251379,0.8833333333333333,0.8833333333333333
mean_total_minutes,158,1.3,True,0.040000000000000424,62.3395125783461,0.8833333333333333,0.8833333333333333
mean_total_minutes,159,1.3,True,0.04500000000000043,61.35343551591791,0.8833333333333333,0.8833333333333333
mean_total_minutes,160,1.3,True,0.05000000000000043,59.02455893982574,0.8833333333333333,0.8833333333333333
mean_total_minutes,161,1.3,True,0.05500000000000044,57.6575252355743,0.8833333333333333,0.8833333333333333
mean_total_minutes,162,1.3,True,0.06000000000000044,56.638249514548534,0.8833333333333333,0.8833333333333333
mean_total_minutes,163,1.3,True,0.06500000000000045,54.74872337843527,0.8833333333333333,0.8833333333333333
mean_total_minutes,164,1.3,True,0.07000000000000045,52.97917552583567,0.8833333333333333,0.8833333333333333
mean_total_minutes,165,1.3,True,0.07500000000000046,51.82221033997388,0.8833333333333333,0.8833333333333333
mean_total_minutes,166,1.3,True,0.08000000000000046,50.694880714401336,0.8833333333333333,0.8833333333333333
mean_total_minutes,167,1.3,True,0.08500000000000046,50.04393166237128,0.8833333333333333,0.8833333333333333
mean_total_minutes,168,1.3,True,0.09000000000000047,48.20990281344041,0.8833333333333333,0.8833333333333333
mean_total_minutes,169,1.3,True,0.09500000000000047,47.46325291501722,0.8833333333333333,0.8833333333333333
mean_total_minutes,170,1.3,True,0.10000000000000048,46.3862645071311,0.8833333333333333,0.8833333333333333
mean_total_minutes,171,1.3,True,0.10500000000000048,45.531070471942826,0.8833333333333333,0.8833333333333333
mean_total_minutes,172,1.3,True,0.11000000000000049,44.95242664060555,0.9,0.8833333333333333
mean_total_minutes,173,1.3,True,0.06500000000000047,54.74872337843527,0.9,0.8833333333333333
mean_total_minutes,174,1.3,True,0.07000000000000048,52.97917552583567,0.9,0.8833333333333333
mean_total_minutes,175,1.3,True,0.07500000000000048,51.82221033997388,0.9,0.8833333333333333
mean_total_minutes,176,1.3,True,0.08000000000000049,50.694880714401336,0.9,0.8833333333333333
mean_total_minutes,177,1.3,True,0.08500000000000049,50.04393166237128,0.9,0.8833333333333333
mean_total_minutes,178,1.3,True,0.0900000000000005,48.20990281344041,0.9,0.8833333333333333
mean_total_minutes,179,1.3,True,0.0950000000000005,47.46325291501722,0.8833333333333333,0.8666666666666667
mean_total_minutes,180,1.5,False,0.050000000000000495,59.02455893982574,0.8833333333333333,0.8666666666666667
mean_total_minutes,181,1.5,False,0.05500000000000049,57.6575252355743,0.8833333333333333,0.8666666666666667
mean_total_minutes,182,1.5,False,0.0600000000000005,56.638249514548534,0.8833333333333333,0.8666666666666667
mean_total_minutes,183,1.5,False,0.0650000000000005,54.74872337843527,0.8833333333333333,0.8666666666666667
mean_total_minutes,184,1.5,False,0.0700000000000005,52.97917552583567,0.9,0.8833333333333333
mean_total_minutes,185,1.5,False,0.07500000000000051,51.82221033997388,0.8833333333333333,0.8666666666666667
mean_total_minutes,186,1.5,False,0.030000000000000505,67.31201249334629,0.8833333333333333,0.8666666666666667
mean_total_minutes,187,1.5,False,0.0350000000000005,65.12005044251379,0.8833333333333333,0.8833333333333333
mean_total_minutes,188,1.5,False,0.04000000000000051,62.3395125783461,0.8833333333333333,0.8833333333333333
mean_total_minutes,189,1.5,False,0.04500000000000051,61.35343551591791,0.8833333333333333,0.8833333333333333
mean_total_minutes,190,1.5,False,0.050000000000000516,59.02455893982574,0.8833333333333333,0.8833333333333333
mean_total_minutes,191,1.5,False,0.05500000000000052,57.6575252355743,0.8666666666666667,0.8833333333333333
mean_total_minutes,192,1.5,False,0.060000000000000525,56.638249514548534,0.8666666666666667,0.8833333333333333
mean_total_minutes,193,1.5,False,0.06500000000000053,54.74872337843527,0.85,0.8666666666666667
mean_total_minutes,194,1.5,False,0.020000000000000524,74.39320188053819,0.85,0.8666666666666667
mean_total_minutes,195,1.5,False,0.025000000000000525,71.85895096537706,0.8333333333333334,0.8666666666666667
mean_total_minutes,196,1.5,False,0.030000000000000526,67.31201249334629,0.8166666666666667,0.85
mean_total_minutes,197,1.5,False,-0.014999999999999479,166.819367786567,0.8,0.85
mean_total_minutes,198,1.5,False,-0.009999999999999478,166.819367786567,0.8166666666666667,0.8666666666666667
mean_total_minutes,199,1.5,False,-0.004999999999999477,166.819367786567,0.8166666666666667,0.8666666666666667
mean_total_minutes,200,1.5,False,5.238864897449957e-16,166.819367786567,0.8166666666666667,0.8666666666666667
mean_total_minutes,201,1.5,False,0.005000000000000525,89.65429135494361,0.8,0.8666666666666667
mean_total_minutes,202,1.5,False,0.010000000000000526,82.7400162143638,0.8,0.8666666666666667
mean_total_minutes,203,1.5,False,0.015000000000000527,77.79657769482566,0.8,0.8666666666666667
mean_total_minutes,204,1.5,False,0.020000000000000528,74.39320188053819,0.7833333333333333,0.8666666666666667
mean_total_minutes,205,1.5,False,0.02500000000000053,71.85895096537706,0.7833333333333333,0.8666666666666667
mean_total_minutes,206,1.5,False,0.03000000000000053,67.31201249334629,0.7833333333333333,0.8666666666666667
mean_total_minutes,207,1.5,False,0.03500000000000053,65.12005044251379,0.7666666666666667,0.85
mean_total_minutes,208,1.5,False,-0.009999999999999475,166.819367786567,0.7833333333333333,0.8666666666666667
mean_total_minutes,209,1.5,False,-0.004999999999999474,166.819367786567,0.7666666666666667,0.8666666666666667
mean_total_minutes,210,1.5,False,5.273559366969494e-16,166.819367786567,0.75,0.8666666666666667
mean_total_minutes,211,1.5,False,0.005000000000000528,89.65429135494361,0.75,0.8666666666666667
mean_total_minutes,212,1.5,False,0.01000000000000053,82.7400162143638,0.7666666666666667,0.8833333333333333
mean_total_minutes,213,1.5,False,0.01500000000000053,77.79657769482566,0.7666666666666667,0.8833333333333333
mean_total_minutes,214,1.5,False,0.02000000000000053,74.39320188053819,0.7666666666666667,0.8833333333333333
mean_total_minutes,215,1.5,False,0.025000000000000532,71.85895096537706,0.7666666666666667,0.9
mean_total_minutes,216,1.5,False,0.030000000000000533,67.31201249334629,0.75,0.9
mean_total_minutes,217,1.5,False,0.03500000000000053,65.12005044251379,0.75,0.8833333333333333
mean_total_minutes,218,1.5,False,-0.009999999999999475,166.819367786567,0.75,0.8833333333333333
mean_total_minutes,219,1.5,False,-0.004999999999999474,166.819367786567,0.75,0.8833333333333333
mean_total_minutes,220,1.5,False,5.273559366969494e-16,166.819367786567,0.75,0.8833333333333333
mean_total_minutes,221,1.5,False,0.005000000000000528,89.65429135494361,0.75,0.8833333333333333
mean_total_minutes,222,1.5,False,0.01000000000000053,82.7400162143638,0.7333333333333333,0.8833333333333333
mean_total_minutes,223,1.5,False,0.01500000000000053,77.79657769482566,0.7333333333333333,0.8833333333333333
mean_total_minutes,224,1.5,False,0.02000000000000053,74.39320188053819,0.7333333333333333,0.8833333333333333
mean_total_minutes,225,1.5,False,0.025000000000000532,71.85895096537706,0.7333333333333333,0.8833333333333333
mean_total_minutes,226,1.5,False,0.030000000000000533,67.31201249334629,0.7166666666666667,0.8666666666666667
mean_total_minutes,227,1.5,False,-0.014999999999999472,166.819367786567,0.7166666666666667,0.8666666666666667
mean_total_minutes,228,1.5,False,-0.009999999999999471,166.819367786567,0.7166666666666667,0.8666666666666667
mean_total_minutes,229,1.5,False,-0.00499999999999947,166.819367786567,0.7166666666666667,0.8666666666666667
mean_total_minutes,230,1.5,False,5.30825383648903e-16,166.819367786567,0.7166666666666667,0.8666666666666667
mean_total_minutes,231,1.5,False,0.005000000000000532,89.65429135494361,0.7166666666666667,0.8666666666666667
mean_total_minutes,232,1.5,False,0.010000000000000533,82.7400162143638,0.7,0.8833333333333333
mean_total_minutes,233,1.5,False,0.015000000000000534,77.79657769482566,0.7,0.8833333333333333
mean_total_minutes,234,1.5,False,0.020000000000000535,74.39320188053819,0.7,0.8833333333333333
mean_total_minutes,235,1.5,False,0.025000000000000536,71.85895096537706,0.7,0.8833333333333333
mean_total_minutes,236,1.5,False,0.030000000000000537,67.31201249334629,0.7,0.8833333333333333
mean_total_minutes,237,1.5,False,0.03500000000000054,65.12005044251379,0.7,0.8833333333333333
mean_total_minutes,238,1.5,False,0.040000000000000535,62.3395125783461,0.6833333333333333,0.8666666666666667
mean_total_minutes,239,1.5,False,-0.00499999999999947,166.819367786567,0.7,0.8833333333333333
mean_total_minutes,240,1.8,False,5.30825383648903e-16,166.819367786567,0.6833333333333333,0.8833333333333333
mean_total_minutes,241,1.8,False,0.005000000000000532,89.65429135494361,0.6666666666666666,0.8833333333333333
mean_total_minutes,242,1.8,False,0.010000000000000533,82.7400162143638,0.6666666666666666,0.8833333333333333
mean_total_minutes,243,1.8,False,0.015000000000000534,77.79657769482566,0.65,0.8666666666666667
mean_total_minutes,244,1.8,False,-0.02999999999999947,166.819367786567,0.6333333333333333,0.8666666666666667
mean_total_minutes,245,1.8,False,-0.02499999999999947,166.819367786567,0.65,0.8833333333333333
mean_total_minutes,246,1.8,False,-0.01999999999999947,166.819367786567,0.65,0.8833333333333333
mean_total_minutes,247,1.8,False,-0.014999999999999469,166.819367786567,0.65,0.8833333333333333
mean_total_minutes,248,1.8,False,-0.009999999999999468,166.819367786567,0.65,0.8833333333333333
mean_total_minutes,249,1.8,False,-0.004999999999999467,166.819367786567,0.6333333333333333,0.8833333333333333
mean_total_minutes,250,1.8,False,5.342948306008566e-16,166.819367786567,0.6333333333333333,0.8833333333333333
mean_total_minutes,251,1.8,False,0.005000000000000535,89.65429135494361,0.6333333333333333,0.8833333333333333
mean_total_minutes,252,1.8,False,0.010000000000000536,82.7400162143638,0.6333333333333333,0.8833333333333333
mean_total_minutes,253,1.8,False,0.015000000000000537,77.79657769482566,0.65,0.9
mean_total_minutes,254,1.8,False,0.020000000000000538,74.39320188053819,0.65,0.9
mean_total_minutes,255,1.8,False,0.02500000000000054,71.85895096537706,0.65,0.9
mean_total_minutes,256,1.8,False,0.03000000000000054,67.31201249334629,0.6666666666666666,0.9166666666666666
mean_total_minutes,257,1.8,False,0.035000000000000545,65.12005044251379,0.6833333333333333,0.9166666666666666
mean_total_minutes,258,1.8,False,0.04000000000000055,62.3395125783461,0.6833333333333333,0.9166666666666666
mean_total_minutes,259,1.8,False,0.04500000000000055,61.35343551591791,0.6833333333333333,0.9166666666666666
mean_total_minutes,260,1.8,False,0.05000000000000056,59.02455893982574,0.6666666666666666,0.9
mean_total_minutes,261,1.8,False,0.005000000000000553,89.65429135494361,0.6833333333333333,0.9
mean_total_minutes,262,1.8,False,0.010000000000000554,82.7400162143638,0.6833333333333333,0.9
mean_total_minutes,263,1.8,False,0.015000000000000555,77.79657769482566,0.6833333333333333,0.9
mean_total_minutes,264,1.8,False,0.020000000000000556,74.39320188053819,0.7,0.9
mean_total_minutes,265,1.8,False,0.025000000000000556,71.85895096537706,0.7,0.9
mean_total_minutes,266,1.8,False,0.030000000000000557,67.31201249334629,0.7,0.9
mean_total_minutes,267,1.8,False,0.03500000000000056,65.12005044251379,0.7,0.9166666666666666
mean_total_minutes,268,1.8,False,0.04000000000000056,62.3395125783461,0.6833333333333333,0.9
mean_total_minutes,269,1.8,False,-0.004999999999999442,166.819367786567,0.6833333333333333,0.9
mean_total_minutes,270,1.8,False,5.585809592645319e-16,166.819367786567,0.7,0.9
mean_total_minutes,271,1.8,False,0.0050000000000005596,89.65429135494361,0.6833333333333333,0.9
mean_total_minutes,272,1.8,False,0.01000000000000056,82.7400162143638,0.6833333333333333,0.9
mean_total_minutes,273,1.8,False,0.015000000000000561,77.79657769482566,0.6833333333333333,0.9
mean_total_minutes,274,1.8,False,0.020000000000000562,74.39320188053819,0.6666666666666666,0.9
mean_total_minutes,275,1.8,False,0.025000000000000563,71.85895096537706,0.6666666666666666,0.8833333333333333
mean_total_minutes,276,1.8,False,-0.019999999999999442,166.819367786567,0.6833333333333333,0.8833333333333333
mean_total_minutes,277,1.8,False,-0.01499999999999944,166.819367786567,0.6833333333333333,0.9
mean_total_minutes,278,1.8,False,-0.00999999999999944,166.819367786567,0.6666666666666666,0.9
mean_total_minutes,279,1.8,False,-0.004999999999999439,166.819367786567,0.65,0.9
mean_total_minutes,280,1.8,False,5.620504062164855e-16,166.819367786567,0.65,0.9
mean_total_minutes,281,1.8,False,0.005000000000000563,89.65429135494361,0.6333333333333333,0.9
mean_total_minutes,282,1.8,False,0.010000000000000564,82.7400162143638,0.6333333333333333,0.9
mean_total_minutes,283,1.8,False,0.015000000000000565,77.79657769482566,0.6166666666666667,0.8833333333333333
mean_total_minutes,284,1.8,False,-0.02999999999999944,166.819367786567,0.6166666666666667,0.8833333333333333
mean_total_minutes,285,1.8,False,-0.02499999999999944,166.819367786567,0.6166666666666667,0.8833333333333333
mean_total_minutes,286,1.8,False,-0.01999999999999944,166.819367786567,0.6333333333333333,0.9
mean_total_minutes,287,1.8,False,-0.014999999999999437,166.819367786567,0.6333333333333333,0.9
mean_total_minutes,288,1.8,False,-0.009999999999999436,166.819367786567,0.6166666666666667,0.9
mean_total_minutes,289,1.8,False,-0.0049999999999994355,166.819367786567,0.6,0.9
mean_total_minutes,290,1.8,False,5.655198531684391e-16,166.819367786567,0.6,0.9
mean_total_minutes,291,1.8,False,0.0050000000000005665,89.65429135494361,0.5833333333333334,0.9
mean_total_minutes,292,1.8,False,0.010000000000000567,82.7400162143638,0.5833333333333334,0.8833333333333333
mean_total_minutes,293,1.8,False,-0.034999999999999434,166.819367786567,0.5666666666666667,0.8833333333333333
mean_total_minutes,294,1.8,False,-0.029999999999999433,166.819367786567,0.5666666666666667,0.8833333333333333
mean_total_minutes,295,1.8,False,-0.024999999999999432,166.819367786567,0.5666666666666667,0.8833333333333333
mean_total_minutes,296,1.8,False,-0.01999999999999943,166.819367786567,0.5666666666666667,0.8833333333333333
mean_total_minutes,297,1.8,False,-0.01499999999999943,166.819367786567,0.5666666666666667,0.8833333333333333
mean_total_minutes,298,1.8,False,-0.00999999999999943,166.819367786567,0.5666666666666667,0.9
mean_total_minutes,299,1.8,False,-0.0049999999999994285,166.819367786567,0.55,0.9
mean_total_minutes,300,2.0,False,5.724587470723463e-16,166.819367786567,0.55,0.9
mean_total_minutes,301,2.0,False,0.005000000000000573,89.65429135494361,0.55,0.8833333333333333
mean_total_minutes,302,2.0,False,-0.03999999999999943,166.819367786567,0.55,0.8833333333333333
mean_total_minutes,303,2.0,False,-0.034999999999999434,166.819367786567,0.55,0.9
mean_total_minutes,304,2.0,False,-0.029999999999999433,166.819367786567,0.55,0.9
mean_total_minutes,305,2.0,False,-0.024999999999999432,166.819367786567,0.5333333333333333,0.9
mean_total_minutes,306,2.0,False,-0.01999999999999943,166.819367786567,0.5166666666666667,0.9
mean_total_minutes,307,2.0,False,-0.01499999999999943,166.819367786567,0.5166666666666667,0.9
mean_total_minutes,308,2.0,False,-0.00999999999999943,166.819367786567,0.5,0.9
mean_total_minutes,309,2.0,False,-0.0049999999999994285,166.819367786567,0.5166666666666667,0.9
mean_total_minutes,310,2.0,False,5.724587470723463e-16,166.819367786567,0.5166666666666667,0.9
mean_total_minutes,311,2.0,False,0.005000000000000573,89.65429135494361,0.5166666666666667,0.9
mean_total_minutes,312,2.0,False,0.010000000000000574,82.7400162143638,0.5166666666666667,0.9
mean_total_minutes,313,2.0,False,0.015000000000000575,77.79657769482566,0.5,0.8833333333333333
mean_total_minutes,314,2.0,False,-0.02999999999999943,166.819367786567,0.5,0.8833333333333333
mean_total_minutes,315,2.0,False,-0.02499999999999943,166.819367786567,0.5166666666666667,0.8833333333333333
mean_total_minutes,316,2.0,False,-0.019999999999999428,166.819367786567,0.5,0.8833333333333333
mean_total_minutes,317,2.0,False,-0.014999999999999427,166.819367786567,0.5,0.8833333333333333
mean_total_minutes,318,2.0,False,-0.009999999999999426,166.819367786567,0.48333333333333334,0.8833333333333333
mean_total_minutes,319,2.0,False,-0.004999999999999425,166.819367786567,0.48333333333333334,0.8833333333333333
mean_total_minutes,320,2.0,False,5.759281940243e-16,166.819367786567,0.48333333333333334,0.9
mean_total_minutes,321,2.0,False,0.005000000000000577,89.65429135494361,0.4666666666666667,0.9
mean_total_minutes,322,2.0,False,0.010000000000000578,82.7400162143638,0.4666666666666667,0.9
mean_total_minutes,323,2.0,False,0.015000000000000579,77.79657769482566,0.4666666666666667,0.9
mean_total_minutes,324,2.0,False,0.02000000000000058,74.39320188053819,0.4666666666666667,0.9
mean_total_minutes,325,2.0,False,0.02500000000000058,71.85895096537706,0.45,0.9
mean_total_minutes,326,2.0,False,0.030000000000000582,67.31201249334629,0.43333333333333335,0.8833333333333333
mean_total_minutes,327,2.0,False,-0.014999999999999424,166.819367786567,0.43333333333333335,0.8833333333333333
mean_total_minutes,328,2.0,False,-0.009999999999999423,166.819367786567,0.43333333333333335,0.9
mean_total_minutes,329,2.0,False,-0.004999999999999422,166.819367786567,0.45,0.9
mean_total_minutes,330,2.0,False,5.793976409762536e-16,166.819367786567,0.43333333333333335,0.9
mean_total_minutes,331,2.0,False,0.00500000000000058,89.65429135494361,0.43333333333333335,0.8833333333333333
mean_total_minutes,332,2.0,False,-0.039999999999999425,166.819367786567,0.4166666666666667,0.8833333333333333
mean_total_minutes,333,2.0,False,-0.03499999999999942,166.819367786567,0.4,0.8833333333333333
mean_total_minutes,334,2.0,False,-0.02999999999999942,166.819367786567,0.4166666666666667,0.8833333333333333
mean_total_minutes,335,2.0,False,-0.02499999999999942,166.819367786567,0.4166666666666667,0.9
mean_total_minutes,336,2.0,False,-0.019999999999999418,166.819367786567,0.4,0.9
mean_total_minutes,337,2.0,False,-0.014999999999999417,166.819367786567,0.4166666666666667,0.9
mean_total_minutes,338,2.0,False,-0.009999999999999416,166.819367786567,0.43333333333333335,0.9
mean_total_minutes,339,2.0,False,-0.004999999999999415,166.819367786567,0.43333333333333335,0.9
mean_total_minutes,340,2.0,False,5.863365348801608e-16,166.819367786567,0.43333333333333335,0.9
mean_total_minutes,341,2.0,False,0.005000000000000587,89.65429135494361,0.43333333333333335,0.9
mean_total_minutes,342,2.0,False,0.010000000000000588,82.7400162143638,0.43333333333333335,0.8833333333333333
mean_total_minutes,343,2.0,False,-0.03499999999999942,166.819367786567,0.43333333333333335,0.9
mean_total_minutes,344,2.0,False,-0.02999999999999942,166.819367786567,0.43333333333333335,0.9
mean_total_minutes,345,2.0,False,-0.02499999999999942,166.819367786567,0.4166666666666667,0.9
mean_total_minutes,346,2.0,False,-0.019999999999999418,166.819367786567,0.4,0.9
mean_total_minutes,347,2.0,False,-0.014999999999999417,166.819367786567,0.38333333333333336,0.8833333333333333
mean_total_minutes,348,2.0,False,-0.05999999999999942,166.819367786567,0.4,0.8833333333333333
mean_total_minutes,349,2.0,False,-0.054999999999999424,166.819367786567,0.4,0.8833333333333333
mean_total_minutes,350,2.0,False,-0.04999999999999942,166.819367786567,0.38333333333333336,0.8833333333333333
mean_total_minutes,351,2.0,False,-0.044999999999999415,166.819367786567,0.4,0.8833333333333333
mean_total_minutes,352,2.0,False,-0.03999999999999941,166.819367786567,0.4,0.9
mean_total_minutes,353,2.0,False,-0.03499999999999941,166.819367786567,0.4,0.9
mean_total_minutes,354,2.0,False,-0.029999999999999406,166.819367786567,0.38333333333333336,0.9
mean_total_minutes,355,2.0,False,-0.024999999999999405,166.819367786567,0.38333333333333336,0.9
mean_total_minutes,356,2.0,False,-0.019999999999999404,166.819367786567,0.38333333333333336,0.9
mean_total_minutes,357,2.0,False,-0.014999999999999403,166.819367786567,0.36666666666666664,0.8833333333333333
mean_total_minutes,358,2.0,False,-0.05999999999999941,166.819367786567,0.38333333333333336,0.8833333333333333
mean_total_minutes,359,2.0,False,-0.05499999999999941,166.819367786567,0.38333333333333336,0.8833333333333333
mean_total_minutes,360,2.5,False,-0.049999999999999406,166.819367786567,0.38333333333333336,0.8833333333333333
mean_total_minutes,361,2.5,False,-0.0449999999999994,166.819367786567,0.4,0.9
mean_total_minutes,362,2.5,False,-0.0399999999999994,166.819367786567,0.38333333333333336,0.9
mean_total_minutes,363,2.5,False,-0.03499999999999939,166.819367786567,0.38333333333333336,0.9
mean_total_minutes,364,2.5,False,-0.029999999999999392,166.819367786567,0.38333333333333336,0.9
mean_total_minutes,365,2.5,False,-0.02499999999999939,166.819367786567,0.38333333333333336,0.8833333333333333
mean_total_minutes,366,2.5,False,-0.0699999999999994,166.819367786567,0.38333333333333336,0.8833333333333333
mean_total_minutes,367,2.5,False,-0.06499999999999939,166.819367786567,0.36666666666666664,0.8833333333333333
mean_total_minutes,368,2.5,False,-0.05999999999999939,166.819367786567,0.38333333333333336,0.8833333333333333
mean_total_minutes,369,2.5,False,-0.05499999999999938,166.819367786567,0.36666666666666664,0.8833333333333333
mean_total_minutes,370,2.5,False,-0.04999999999999938,166.819367786567,0.35,0.8833333333333333
mean_total_minutes,371,2.5,False,-0.044999999999999374,166.819367786567,0.35,0.8833333333333333
mean_total_minutes,372,2.5,False,-0.03999999999999937,166.819367786567,0.3333333333333333,0.8833333333333333
mean_total_minutes,373,2.5,False,-0.034999999999999365,166.819367786567,0.3333333333333333,0.9
mean_total_minutes,374,2.5,False,-0.029999999999999364,166.819367786567,0.31666666666666665,0.9
mean_total_minutes,375,2.5,False,-0.024999999999999363,166.819367786567,0.3,0.8833333333333333
mean_total_minutes,376,2.5,False,-0.06999999999999937,166.819367786567,0.3,0.8833333333333333
mean_total_minutes,377,2.5,False,-0.06499999999999936,166.819367786567,0.2833333333333333,0.8833333333333333
mean_total_minutes,378,2.5,False,-0.05999999999999936,166.819367786567,0.2833333333333333,0.8833333333333333
mean_total_minutes,379,2.5,False,-0.054999999999999355,166.819367786567,0.26666666666666666,0.8833333333333333
mean_total_minutes,380,2.5,False,-0.04999999999999935,166.819367786567,0.26666666666666666,0.8666666666666667
mean_total_minutes,381,2.5,False,-0.09499999999999936,166.819367786567,0.26666666666666666,0.8666666666666667
mean_total_minutes,382,2.5,False,-0.08999999999999936,166.819367786567,0.25,0.8666666666666667
mean_total_minutes,383,2.5,False,-0.08499999999999935,166.819367786567,0.23333333333333334,0.8666666666666667
mean_total_minutes,384,2.5,False,-0.07999999999999935,166.819367786567,0.21666666666666667,0.8666666666666667
mean_total_minutes,385,2.5,False,-0.07499999999999934,166.819367786567,0.21666666666666667,0.85
mean_total_minutes,386,2.5,False,-0.11999999999999936,166.819367786567,0.21666666666666667,0.85
mean_total_minutes,387,2.5,False,-0.16499999999999937,166.819367786567,0.21666666666666667,0.85
mean_total_minutes,388,2.5,False,-0.15999999999999936,166.819367786567,0.23333333333333334,0.85
mean_total_minutes,389,2.5,False,-0.15499999999999936,166.819367786567,0.21666666666666667,0.85
mean_total_minutes,390,2.5,False,-0.14999999999999936,166.819367786567,0.23333333333333334,0.85
mean_total_minutes,391,2.5,False,-0.14499999999999935,166.819367786567,0.23333333333333334,0.8666666666666667
mean_total_minutes,392,2.5,False,-0.13999999999999935,166.819367786567,0.25,0.8666666666666667
mean_total_minutes,393,2.5,False,-0.13499999999999934,166.819367786567,0.25,0.85
mean_total_minutes,394,2.5,False,-0.17999999999999935,166.819367786567,0.23333333333333334,0.8333333333333334
mean_total_minutes,395,2.5,False,-0.22499999999999937,166.819367786567,0.23333333333333334,0.8333333333333334
mean_total_minutes,396,2.5,False,-0.21999999999999936,166.819367786567,0.23333333333333334,0.8166666666666667
mean_total_minutes,397,2.5,False,-0.26499999999999935,166.819367786567,0.21666666666666667,0.8166666666666667
mean_total_minutes,398,2.5,False,-0.25999999999999934,166.819367786567,0.2,0.8
mean_total_minutes,399,2.5,False,-0.3049999999999993,166.819367786567,0.21666666666666667,0.8
mean_total_minutes,400,2.5,False,-0.2999999999999993,166.819367786567,0.21666666666666667,0.8
mean_total_minutes,401,2.5,False,-0.2949999999999993,166.819367786567,0.21666666666666667,0.8
mean_total_minutes,402,2.5,False,-0.2899999999999993,166.819367786567,0.21666666666666667,0.8
mean_total_minutes,403,2.5,False,-0.3349999999999993,166.819367786567,0.21666666666666667,0.8
mean_total_minutes,404,2.5,False,-0.3299999999999993,166.819367786567,0.2,0.8
mean_total_minutes,405,2.5,False,-0.3249999999999993,166.819367786567,0.2,0.8
mean_total_minutes,406,2.5,False,-0.3199999999999993,166.819367786567,0.2,0.7833333333333333
mean_total_minutes,407,2.5,False,-0.36499999999999927,166.819367786567,0.21666666666666667,0.8
mean_total_minutes,408,2.5,False,-0.35999999999999927,166.819367786567,0.2,0.7833333333333333
mean_total_minutes,409,2.5,False,-0.40499999999999925,166.819367786567,0.21666666666666667,0.7833333333333333
mean_total_minutes,410,2.5,False,-0.39999999999999925,166.819367786567,0.23333333333333334,0.7833333333333333
mean_total_minutes,411,2.5,False,-0.39499999999999924,166.819367786567,0.21666666666666667,0.7833333333333333
mean_total_minutes,412,2.5,False,-0.38999999999999924,166.819367786567,0.23333333333333334,0.7833333333333333
mean_total_minutes,413,2.5,False,-0.38499999999999923,166.819367786567,0.23333333333333334,0.7833333333333333
mean_total_minutes,414,2.5,False,-0.3799999999999992,166.819367786567,0.23333333333333334,0.7833333333333333
mean_total_minutes,415,2.5,False,-0.3749999999999992,166.819367786567,0.21666666666666667,0.7833333333333333
mean_total_minutes,416,2.5,False,-0.3699999999999992,166.819367786567,0.21666666666666667,0.7833333333333333
mean_total_minutes,417,2.5,False,-0.3649999999999992,166.819367786567,0.21666666666666667,0.7833333333333333
mean_total_minutes,418,2.5,False,-0.4099999999999992,166.819367786567,0.21666666666666667,0.7833333333333333
mean_total_minutes,419,2.5,False,-0.4049999999999992,166.819367786567,0.23333333333333334,0.7833333333333333
mean_total_minutes,420,3.0,False,-0.3999999999999992,166.819367786567,0.23333333333333334,0.7833333333333333
mean_total_minutes,421,3.0,False,-0.3949999999999992,166.819367786567,0.21666666666666667,0.7833333333333333
mean_total_minutes,422,3.0,False,-0.3899999999999992,166.819367786567,0.21666666666666667,0.7833333333333333
mean_total_minutes,423,3.0,False,-0.3849999999999992,166.819367786567,0.21666666666666667,0.7833333333333333
mean_total_minutes,424,3.0,False,-0.37999999999999917,166.819367786567,0.21666666666666667,0.7833333333333333
mean_total_minutes,425,3.0,False,-0.37499999999999917,166.819367786567,0.21666666666666667,0.8
mean_total_minutes,426,3.0,False,-0.36999999999999916,166.819367786567,0.21666666666666667,0.8
mean_total_minutes,427,3.0,False,-0.36499999999999916,166.819367786567,0.21666666666666667,0.8
mean_total_minutes,428,3.0,False,-0.35999999999999915,166.819367786567,0.2,0.8
mean_total_minutes,429,3.0,False,-0.35499999999999915,166.819367786567,0.2,0.7833333333333333
mean_total_minutes,430,3.0,False,-0.39999999999999913,166.819367786567,0.2,0.7833333333333333
mean_total_minutes,431,3.0,False,-0.39499999999999913,166.819367786567,0.2,0.7666666666666667
mean_total_minutes,432,3.0,False,-0.4399999999999991,166.819367786567,0.2,0.7666666666666667
mean_total_minutes,433,3.0,False,-0.4349999999999991,166.819367786567,0.2,0.7666666666666667
mean_total_minutes,434,3.0,False,-0.4299999999999991,166.819367786567,0.2,0.7666666666666667
mean_total_minutes,435,3.0,False,-0.4249999999999991,166.819367786567,0.2,0.7833333333333333
mean_total_minutes,436,3.0,False,-0.4199999999999991,166.819367786567,0.2,0.7833333333333333
mean_total_minutes,437,3.0,False,-0.4149999999999991,166.819367786567,0.2,0.7833333333333333
mean_total_minutes,438,3.0,False,-0.4099999999999991,166.819367786567,0.2,0.7666666666666667
mean_total_minutes,439,3.0,False,-0.45499999999999907,166.819367786567,0.2,0.7666666666666667
mean_total_minutes,440,3.0,False,-0.44999999999999907,166.819367786567,0.2,0.7833333333333333
mean_total_minutes,441,3.0,False,-0.44499999999999906,166.819367786567,0.2,0.7833333333333333
mean_total_minutes,442,3.0,False,-0.43999999999999906,166.819367786567,0.2,0.7833333333333333
mean_total_minutes,443,3.0,False,-0.43499999999999905,166.819367786567,0.2,0.7833333333333333
mean_total_minutes,444,3.0,False,-0.42999999999999905,166.819367786567,0.2,0.7833333333333333
mean_total_minutes,445,3.0,False,-0.42499999999999905,166.819367786567,0.2,0.8
mean_total_minutes,446,3.0,False,-0.41999999999999904,166.819367786567,0.2,0.8
mean_total_minutes,447,3.0,False,-0.464999999999999,166.819367786567,0.2,0.8
mean_total_minutes,448,3.0,False,-0.459999999999999,166.819367786567,0.18333333333333332,0.8
mean_total_minutes,449,3.0,False,-0.454999999999999,166.819367786567,0.18333333333333332,0.8
mean_total_minutes,450,3.0,False,-0.449999999999999,166.819367786567,0.16666666666666666,0.8
mean_total_minutes,451,3.0,False,-0.444999999999999,166.819367786567,0.16666666666666666,0.8
mean_total_minutes,452,3.0,False,-0.439999999999999,166.819367786567,0.15,0.8
mean_total_minutes,453,3.0,False,-0.434999999999999,166.819367786567,0.15,0.8166666666666667
mean_total_minutes,454,3.0,False,-0.429999999999999,166.819367786567,0.15,0.8333333333333334
mean_total_minutes,455,3.0,False,-0.424999999999999,166.819367786567,0.15,0.8333333333333334
mean_total_minutes,456,3.0,False,-0.419999999999999,166.819367786567,0.15,0.85
mean_total_minutes,457,3.0,False,-0.414999999999999,166.819367786567,0.15,0.85
mean_total_minutes,458,3.0,False,-0.409999999999999,166.819367786567,0.15,0.85
mean_total_minutes,459,3.0,False,-0.45499999999999896,166.819367786567,0.13333333333333333,0.85
mean_total_minutes,460,3.0,False,-0.44999999999999896,166.819367786567,0.11666666666666667,0.85
mean_total_minutes,461,3.0,False,-0.44499999999999895,166.819367786567,0.13333333333333333,0.85
mean_total_minutes,462,3.0,False,-0.43999999999999895,166.819367786567,0.13333333333333333,0.8666666666666667
mean_total_minutes,463,3.0,False,-0.43499999999999894,166.819367786567,0.13333333333333333,0.8666666666666667
mean_total_minutes,464,3.0,False,-0.42999999999999894,166.819367786567,0.13333333333333333,0.85
mean_total_minutes,465,3.0,False,-0.4749999999999989,166.819367786567,0.13333333333333333,0.85
mean_total_minutes,466,3.0,False,-0.4699999999999989,166.819367786567,0.13333333333333333,0.8666666666666667
mean_total_minutes,467,3.0,False,-0.4649999999999989,166.819367786567,0.11666666666666667,0.8666666666666667
mean_total_minutes,468,3.0,False,-0.4599999999999989,166.819367786567,0.11666666666666667,0.8833333333333333
mean_total_minutes,469,3.0,False,-0.4549999999999989,166.819367786567,0.1,0.8833333333333333
mean_total_minutes,470,3.0,False,-0.4499999999999989,166.819367786567,0.08333333333333333,0.8833333333333333
mean_total_minutes,471,3.0,False,-0.4449999999999989,166.819367786567,0.08333333333333333,0.8666666666666667
mean_total_minutes,472,3.0,False,-0.4899999999999989,166.819367786567,0.06666666666666667,0.8666666666666667
mean_total_minutes,473,3.0,False,-0.4849999999999989,166.819367786567,0.06666666666666667,0.85
mean_total_minutes,474,3.0,False,-0.5299999999999989,166.819367786567,0.06666666666666667,0.85
mean_total_minutes,475,3.0,False,-0.5249999999999989,166.819367786567,0.06666666666666667,0.85
mean_total_minutes,476,3.0,False,-0.5199999999999989,166.819367786567,0.05,0.85
mean_total_minutes,477,3.0,False,-0.5149999999999989,166.819367786567,0.05,0.85
mean_total_minutes,478,3.0,False,-0.5599999999999989,166.819367786567,0.03333333333333333,0.8333333333333334
mean_total_minutes,479,3.0,False,-0.604999999999999,166.819367786567,0.016666666666666666,0.8333333333333334
p95_wait_minutes,0,0.8,True,0.1,362.8642505402199,1.0,1.0
p95_wait_minutes,1,0.8,True,0.10500000000000001,355.3310673323775,1.0,1.0
p95_wait_minutes,2,0.8,True,0.11000000000000001,347.8935263575776,1.0,1.0
p95_wait_minutes,3,0.8,True,0.11500000000000002,342.58848644659463,1.0,1.0
p95_wait_minutes,4,0.8,True,0.12000000000000002,334.7289207377753,1.0,1.0
p95_wait_minutes,5,0.8,True,0.12500000000000003,328.7256804796498,1.0,1.0
p95_wait_minutes,6,0.8,True,0.13000000000000003,322.6840158876502,1.0,1.0
p95_wait_minutes,7,0.8,True,0.13500000000000004,318.11068799752707,1.0,1.0
p95_wait_minutes,8,0.8,True,0.14000000000000004,313.97837069576576,1.0,1.0
p95_wait_minutes,9,0.8,True,0.14500000000000005,309.51467910311953,1.0,1.0
p95_wait_minutes,10,0.8,True,0.15000000000000005,306.4821850586011,1.0,1.0
p95_wait_minutes,11,0.8,True,0.15500000000000005,301.8163164861452,1.0,1.0
p95_wait_minutes,12,0.8,True,0.16000000000000006,297.39977882374063,1.0,1.0
p95_wait_minutes,13,0.8,True,0.16500000000000006,295.771716478233,1.0,1.0
p95_wait_minutes,14,0.8,True,0.17000000000000007,289.4571622070604,0.9333333333333333,0.9333333333333333
p95_wait_minutes,15,0.8,True,0.12500000000000006,328.7256804796498,0.9375,0.9375
p95_wait_minutes,16,0.8,True,0.13000000000000006,322.6840158876502,0.9411764705882353,0.9411764705882353
p95_wait_minutes,17,0.8,True,0.13500000000000006,318.11068799752707,0.9444444444444444,0.9444444444444444
p95_wait_minutes,18,0.8,True,0.14000000000000007,313.97837069576576,0.9473684210526315,0.9473684210526315
p95_wait_minutes,19,0.8,True,0.14500000000000007,309.51467910311953,0.95,0.95
p95_wait_minutes,20,0.8,True,0.15000000000000008,306.4821850586011,0.9523809523809523,0.9523809523809523
p95_wait_minutes,21,0.8,True,0.15500000000000008,301.8163164861452,0.9545454545454546,0.9545454545454546
p95_wait_minutes,22,0.8,True,0.1600000000000001,297.39977882374063,0.9565217391304348,0.9565217391304348
p95_wait_minutes,23,0.8,True,0.1650000000000001,295.771716478233,0.9166666666666666,0.9166666666666666
p95_wait_minutes,24,0.8,True,0.12000000000000008,334.7289207377753,0.92,0.92
p95_wait_minutes,25,0.8,True,0.12500000000000008,328.7256804796498,0.9230769230769231,0.9230769230769231
p95_wait_minutes,26,0.8,True,0.1300000000000001,322.6840158876502,0.9259259259259259,0.9259259259259259
p95_wait_minutes,27,0.8,True,0.1350000000000001,318.11068799752707,0.9285714285714286,0.9285714285714286
p95_wait_minutes,28,0.8,True,0.1400000000000001,313.97837069576576,0.9310344827586207,0.9310344827586207
p95_wait_minutes,29,0.8,True,0.1450000000000001,309.51467910311953,0.9333333333333333,0.9333333333333333
p95_wait_minutes,30,0.8,True,0.1500000000000001,306.4821850586011,0.9354838709677419,0.9354838709677419
p95_wait_minutes,31,0.8,True,0.1550000000000001,301.8163164861452,0.9375,0.9375
p95_wait_minutes,32,0.8,True,0.16000000000000011,297.39977882374063,0.9393939393939394,0.9393939393939394
p95_wait_minutes,33,0.8,True,0.16500000000000012,295.771716478233,0.9411764705882353,0.9411764705882353
p95_wait_minutes,34,0.8,True,0.17000000000000012,289.4571622070604,0.9428571428571428,0.9428571428571428
p95_wait_minutes,35,0.8,True,0.17500000000000013,284.7051543765724,0.9444444444444444,0.9444444444444444
p95_wait_minutes,36,0.8,True,0.18000000000000013,279.39448607607267,0.9459459459459459,0.9459459459459459
p95_wait_minutes,37,0.8,True,0.18500000000000014,274.25549487791784,0.9473684210526315,0.9473684210526315
p95_wait_minutes,38,0.8,True,0.19000000000000014,268.53400279437835,0.9487179487179487,0.9230769230769231
p95_wait_minutes,39,0.8,True,0.14500000000000013,309.51467910311953,0.95,0.925
p95_wait_minutes,40,0.8,True,0.15000000000000013,306.4821850586011,0.9512195121951219,0.926829268292683
p95_wait_minutes,41,0.8,True,0.15500000000000014,301.8163164861452,0.9523809523809523,0.9285714285714286
p95_wait_minutes,42,0.8,True,0.16000000000000014,297.39977882374063,0.9302325581395349,0.9069767441860465
p95_wait_minutes,43,0.8,True,0.11500000000000013,342.58848644659463,0.9318181818181818,0.9090909090909091
p95_wait_minutes,44,0.8,True,0.12000000000000013,334.7289207377753,0.9333333333333333,0.9111111111111111
p95_wait_minutes,45,0.8,True,0.12500000000000014,328.7256804796498,0.9347826086956522,0.9130434782608695
p95_wait_minutes,46,0.8,True,0.13000000000000014,322.6840158876502,0.9361702127659575,0.9148936170212766
p95_wait_minutes,47,0.8,True,0.13500000000000015,318.11068799752707,0.9375,0.9166666666666666
p95_wait_minutes,48,0.8,True,0.14000000000000015,313.97837069576576,0.9387755102040817,0.9183673469387755
p95_wait_minutes,49,0.8,True,0.14500000000000016,309.51467910311953,0.94,0.92
p95_wait_minutes,50,0.8,True,0.15000000000000016,306.4821850586011,0.9411764705882353,0.9215686274509803
p95_wait_minutes,51,0.8,True,0.15500000000000017,301.8163164861452,0.9423076923076923,0.9230769230769231
p95_wait_minutes,52,0.8,True,0.16000000000000017,297.39977882374063,0.9433962264150944,0.9245283018867925
p95_wait_minutes,53,0.8,True,0.16500000000000017,295.771716478233,0.9444444444444444,0.9259259259259259
p95_wait_minutes,54,0.8,True,0.17000000000000018,289.4571622070604,0.9454545454545454,0.9090909090909091
p95_wait_minutes,55,0.8,True,0.12500000000000017,328.7256804796498,0.9464285714285714,0.9107142857142857
p95_wait_minutes,56,0.8,True,0.13000000000000017,322.6840158876502,0.9473684210526315,0.9122807017543859
p95_wait_minutes,57,0.8,True,0.13500000000000018,318.11068799752707,0.9482758620689655,0.9137931034482759
p95_wait_minutes,58,0.8,True,0.14000000000000018,313.97837069576576,0.9491525423728814,0.9152542372881356
p95_wait_minutes,59,0.8,True,0.14500000000000018,309.51467910311953,0.95,0.9166666666666666
p95_wait_minutes,60,1.0,True,0.1500000000000002,306.4821850586011,0.95,0.9166666666666666
p95_wait_minutes,61,1.0,True,0.1550000000000002,301.8163164861452,0.9333333333333333,0.9
p95_wait_minutes,62,1.0,True,0.11000000000000018,347.8935263575776,0.9333333333333333,0.9
p95_wait_minutes,63,1.0,True,0.11500000000000019,342.58848644659463,0.9333333333333333,0.9
p95_wait_minutes,64,1.0,True,0.12000000000000019,334.7289207377753,0.9333333333333333,0.9
p95_wait_minutes,65,1.0,True,0.1250000000000002,328.7256804796498,0.9333333333333333,0.9
p95_wait_minutes,66,1.0,True,0.1300000000000002,322.6840158876502,0.9166666666666666,0.8833333333333333
p95_wait_minutes,67,1.0,True,0.08500000000000019,382.5945171034088,0.9166666666666666,0.8833333333333333
p95_wait_minutes,68,1.0,True,0.09000000000000019,375.5793272719261,0.9166666666666666,0.8833333333333333
p95_wait_minutes,69,1.0,True,0.0950000000000002,368.39506425556175,0.9166666666666666,0.8833333333333333
p95_wait_minutes,70,1.0,True,0.1000000000000002,362.8642505402199,0.9,0.8666666666666667
p95_wait_minutes,71,1.0,True,0.055000000000000195,464.9139195434075,0.8833333333333333,0.8666666666666667
p95_wait_minutes,72,1.0,True,0.06000000000000019,455.5340567137343,0.8833333333333333,0.8666666666666667
p95_wait_minutes,73,1.0,True,0.0650000000000002,442.20580656279276,0.8833333333333333,0.8666666666666667
p95_wait_minutes,74,1.0,True,0.0700000000000002,420.1236543936095,0.9,0.8833333333333333
p95_wait_minutes,75,1.0,True,0.0750000000000002,401.18346193469256,0.9,0.8833333333333333
p95_wait_minutes,76,1.0,True,0.08000000000000021,386.6357350888642,0.9,0.8833333333333333
p95_wait_minutes,77,1.0,True,0.08500000000000021,382.5945171034088,0.9,0.8833333333333333
p95_wait_minutes,78,1.0,True,0.09000000000000022,375.5793272719261,0.9,0.8833333333333333
p95_wait_minutes,79,1.0,True,0.09500000000000022,368.39506425556175,0.9,0.8833333333333333
p95_wait_minutes,80,1.0,True,0.10000000000000023,362.8642505402199,0.9,0.8833333333333333
p95_wait_minutes,81,1.0,True,0.10500000000000023,355.3310673323775,0.9,0.8833333333333333
p95_wait_minutes,82,1.0,True,0.11000000000000024,347.8935263575776,0.9,0.8833333333333333
p95_wait_minutes,83,1.0,True,0.11500000000000024,342.58848644659463,0.9166666666666666,0.9
p95_wait_minutes,84,1.0,True,0.12000000000000025,334.7289207377753,0.9166666666666666,0.9
p95_wait_minutes,85,1.0,True,0.12500000000000025,328.7256804796498,0.9166666666666666,0.9
p95_wait_minutes,86,1.0,True,0.13000000000000025,322.6840158876502,0.9166666666666666,0.9
p95_wait_minutes,87,1.0,True,0.13500000000000026,318.11068799752707,0.9166666666666666,0.9
p95_wait_minutes,88,1.0,True,0.14000000000000026,313.97837069576576,0.9166666666666666,0.9
p95_wait_minutes,89,1.0,True,0.14500000000000027,309.51467910311953,0.9166666666666666,0.9
p95_wait_minutes,90,1.0,True,0.15000000000000027,306.4821850586011,0.9,0.8833333333333333
p95_wait_minutes,91,1.0,True,0.10500000000000026,355.3310673323775,0.9,0.8833333333333333
p95_wait_minutes,92,1.0,True,0.11000000000000026,347.8935263575776,0.9,0.8833333333333333
p95_wait_minutes,93,1.0,True,0.11500000000000027,342.58848644659463,0.9,0.8833333333333333
p95_wait_minutes,94,1.0,True,0.12000000000000027,334.7289207377753,0.9,0.8833333333333333
p95_wait_minutes,95,1.0,True,0.12500000000000028,328.7256804796498,0.9,0.8833333333333333
p95_wait_minutes,96,1.0,True,0.13000000000000028,322.6840158876502,0.9,0.8833333333333333
p95_wait_minutes,97,1.0,True,0.1350000000000003,318.11068799752707,0.9,0.8833333333333333
p95_wait_minutes,98,1.0,True,0.1400000000000003,313.97837069576576,0.9,0.9
p95_wait_minutes,99,1.0,True,0.1450000000000003,309.51467910311953,0.9,0.9
p95_wait_minutes,100,1.0,True,0.1500000000000003,306.4821850586011,0.9,0.8833333333333333
p95_wait_minutes,101,1.0,True,0.10500000000000029,355.3310673323775,0.9,0.8833333333333333
p95_wait_minutes,102,1.0,True,0.11000000000000029,347.8935263575776,0.9166666666666666,0.9
p95_wait_minutes,103,1.0,True,0.1150000000000003,342.58848644659463,0.9166666666666666,0.9
p95_wait_minutes,104,1.0,True,0.1200000000000003,334.7289207377753,0.9166666666666666,0.9
p95_wait_minutes,105,1.0,True,0.1250000000000003,328.7256804796498,0.9166666666666666,0.9
p95_wait_minutes,106,1.0,True,0.1300000000000003,322.6840158876502,0.9166666666666666,0.8833333333333333
p95_wait_minutes,107,1.0,True,0.0850000000000003,382.5945171034088,0.9166666666666666,0.8833333333333333
p95_wait_minutes,108,1.0,True,0.0900000000000003,375.5793272719261,0.9166666666666666,0.8833333333333333
p95_wait_minutes,109,1.0,True,0.0950000000000003,368.39506425556175,0.9166666666666666,0.8833333333333333
p95_wait_minutes,110,1.0,True,0.10000000000000031,362.8642505402199,0.9166666666666666,0.8833333333333333
p95_wait_minutes,111,1.0,True,0.10500000000000032,355.3310673323775,0.9166666666666666,0.8833333333333333
p95_wait_minutes,112,1.0,True,0.11000000000000032,347.8935263575776,0.9,0.8666666666666667
p95_wait_minutes,113,1.0,True,0.06500000000000031,442.20580656279276,0.9,0.8666666666666667
p95_wait_minutes,114,1.0,True,0.07000000000000031,420.1236543936095,0.9,0.8833333333333333
p95_wait_minutes,115,1.0,True,0.07500000000000032,401.18346193469256,0.9,0.8833333333333333
p95_wait_minutes,116,1.0,True,0.08000000000000032,386.6357350888642,0.9,0.8833333333333333
p95_wait_minutes,117,1.0,True,0.08500000000000033,382.5945171034088,0.9,0.8833333333333333
p95_wait_minutes,118,1.0,True,0.09000000000000033,375.5793272719261,0.9,0.8833333333333333
p95_wait_minutes,119,1.0,True,0.09500000000000033,368.39506425556175,0.9,0.8833333333333333
p95_wait_minutes,120,1.3,True,0.10000000000000034,362.8642505402199,0.9,0.8833333333333333
p95_wait_minutes,121,1.3,True,0.10500000000000034,355.3310673323775,0.9166666666666666,0.9
p95_wait_minutes,122,1.3,True,0.11000000000000035,347.8935263575776,0.9166666666666666,0.9
p95_wait_minutes,123,1.3,True,0.11500000000000035,342.58848644659463,0.9166666666666666,0.9
p95_wait_minutes,124,1.3,True,0.12000000000000036,334.7289207377753,0.9166666666666666,0.8833333333333333
p95_wait_minutes,125,1.3,True,0.07500000000000034,401.18346193469256,0.9166666666666666,0.8833333333333333
p95_wait_minutes,126,1.3,True,0.08000000000000035,386.6357350888642,0.9166666666666666,0.8833333333333333
p95_wait_minutes,127,1.3,True,0.03500000000000034,550.8230280676478,0.9166666666666666,0.8833333333333333
p95_wait_minutes,128,1.3,True,0.04000000000000034,518.8370165695899,0.9166666666666666,0.8833333333333333
p95_wait_minutes,129,1.3,True,0.045000000000000345,494.53622551905823,0.9166666666666666,0.8833333333333333
p95_wait_minutes,130,1.3,True,0.05000000000000035,480.20680197198294,0.9166666666666666,0.9
p95_wait_minutes,131,1.3,True,0.055000000000000354,464.9139195434075,0.9333333333333333,0.9
p95_wait_minutes,132,1.3,True,0.06000000000000036,455.5340567137343,0.9333333333333333,0.9
p95_wait_minutes,133,1.3,True,0.06500000000000036,442.20580656279276,0.9333333333333333,0.9
p95_wait_minutes,134,1.3,True,0.07000000000000037,420.1236543936095,0.9333333333333333,0.9
p95_wait_minutes,135,1.3,True,0.07500000000000037,401.18346193469256,0.9166666666666666,0.8833333333333333
p95_wait_minutes,136,1.3,True,0.030000000000000367,573.3512163679042,0.9166666666666666,0.8833333333333333
p95_wait_minutes,137,1.3,True,0.035000000000000364,550.8230280676478,0.9166666666666666,0.8833333333333333
p95_wait_minutes,138,1.3,True,0.04000000000000037,518.8370165695899,0.9166666666666666,0.8833333333333333
p95_wait_minutes,139,1.3,True,0.04500000000000037,494.53622551905823,0.9166666666666666,0.8833333333333333
p95_wait_minutes,140,1.3,True,0.05000000000000038,480.20680197198294,0.9166666666666666,0.8833333333333333
p95_wait_minutes,141,1.3,True,0.05500000000000038,464.9139195434075,0.9,0.8666666666666667
p95_wait_minutes,142,1.3,True,0.010000000000000377,725.2148612736339,0.9,0.8666666666666667
p95_wait_minutes,143,1.3,True,0.015000000000000378,674.9077962831193,0.9,0.8666666666666667
p95_wait_minutes,144,1.3,True,0.02000000000000038,634.8108796483285,0.9,0.8666666666666667
p95_wait_minutes,145,1.3,True,0.02500000000000038,597.8048863203101,0.9,0.8666666666666667
p95_wait_minutes,146,1.3,True,0.03000000000000038,573.3512163679042,0.9,0.8666666666666667
p95_wait_minutes,147,1.3,True,0.03500000000000038,550.8230280676478,0.9,0.8666666666666667
p95_wait_minutes,148,1.3,True,0.04000000000000038,518.8370165695899,0.9,0.8666666666666667
p95_wait_minutes,149,1.3,True,0.04500000000000039,494.53622551905823,0.8833333333333333,0.8666666666666667
p95_wait_minutes,150,1.3,True,0.05000000000000039,480.20680197198294,0.8833333333333333,0.8666666666666667
p95_wait_minutes,151,1.3,True,0.005000000000000386,825.7677727273006,0.8833333333333333,0.8666666666666667
p95_wait_minutes,152,1.3,True,0.010000000000000387,725.2148612736339,0.8666666666666667,0.8666666666666667
p95_wait_minutes,153,1.3,True,0.015000000000000388,674.9077962831193,0.8666666666666667,0.8666666666666667
p95_wait_minutes,154,1.3,True,0.02000000000000039,634.8108796483285,0.8666666666666667,0.8666666666666667
p95_wait_minutes,155,1.3,True,0.02500000000000039,597.8048863203101,0.8666666666666667,0.8666666666666667
p95_wait_minutes,156,1.3,True,0.03000000000000039,573.3512163679042,0.85,0.8666666666666667
p95_wait_minutes,157,1.3,True,0.03500000000000039,550.8230280676478,0.85,0.8666666666666667
p95_wait_minutes,158,1.3,True,0.040000000000000396,518.8370165695899,0.85,0.8666666666666667
p95_wait_minutes,159,1.3,True,0.0450000000000004,494.53622551905823,0.85,0.8666666666666667
p95_wait_minutes,160,1.3,True,0.050000000000000405,480.20680197198294,0.85,0.8833333333333333
p95_wait_minutes,161,1.3,True,0.05500000000000041,464.9139195434075,0.8333333333333334,0.8833333333333333
p95_wait_minutes,162,1.3,True,0.060000000000000414,455.5340567137343,0.8333333333333334,0.8833333333333333
p95_wait_minutes,163,1.3,True,0.06500000000000042,442.20580656279276,0.8166666666666667,0.8666666666666667
p95_wait_minutes,164,1.3,True,0.020000000000000413,634.8108796483285,0.8166666666666667,0.8666666666666667
p95_wait_minutes,165,1.3,True,0.025000000000000414,597.8048863203101,0.8166666666666667,0.8666666666666667
p95_wait_minutes,166,1.3,True,0.030000000000000415,573.3512163679042,0.8166666666666667,0.8833333333333333
p95_wait_minutes,167,1.3,True,0.03500000000000042,550.8230280676478,0.8166666666666667,0.8833333333333333
p95_wait_minutes,168,1.3,True,0.040000000000000424,518.8370165695899,0.8166666666666667,0.8833333333333333
p95_wait_minutes,169,1.3,True,0.04500000000000043,494.53622551905823,0.8166666666666667,0.8833333333333333
p95_wait_minutes,170,1.3,True,0.05000000000000043,480.20680197198294,0.8166666666666667,0.8833333333333333
p95_wait_minutes,171,1.3,True,0.05500000000000044,464.9139195434075,0.8,0.8666666666666667
p95_wait_minutes,172,1.3,True,0.010000000000000432,725.2148612736339,0.8166666666666667,0.8833333333333333
p95_wait_minutes,173,1.3,True,0.015000000000000433,674.9077962831193,0.8166666666666667,0.8833333333333333
p95_wait_minutes,174,1.3,True,0.020000000000000434,634.8108796483285,0.8166666666666667,0.8833333333333333
p95_wait_minutes,175,1.3,True,0.025000000000000435,597.8048863203101,0.8166666666666667,0.8833333333333333
p95_wait_minutes,176,1.3,True,0.030000000000000436,573.3512163679042,0.8,0.8833333333333333
p95_wait_minutes,177,1.3,True,0.035000000000000434,550.8230280676478,0.8,0.8833333333333333
p95_wait_minutes,178,1.3,True,0.04000000000000044,518.8370165695899,0.8,0.8833333333333333
p95_wait_minutes,179,1.3,True,0.04500000000000044,494.53622551905823,0.8,0.8833333333333333
p95_wait_minutes,180,1.5,False,0.05000000000000045,480.20680197198294,0.8,0.8833333333333333
p95_wait_minutes,181,1.5,False,0.05500000000000045,464.9139195434075,0.8,0.8833333333333333
p95_wait_minutes,182,1.5,False,0.060000000000000456,455.5340567137343,0.8,0.8833333333333333
p95_wait_minutes,183,1.5,False,0.06500000000000046,442.20580656279276,0.8,0.8833333333333333
p95_wait_minutes,184,1.5,False,0.07000000000000046,420.1236543936095,0.8,0.9
p95_wait_minutes,185,1.5,False,0.07500000000000047,401.18346193469256,0.7833333333333333,0.8833333333333333
p95_wait_minutes,186,1.5,False,0.030000000000000464,573.3512163679042,0.8,0.9
p95_wait_minutes,187,1.5,False,0.03500000000000046,550.8230280676478,0.8,0.9
p95_wait_minutes,188,1.5,False,0.040000000000000466,518.8370165695899,0.8,0.9
p95_wait_minutes,189,1.5,False,0.04500000000000047,494.53622551905823,0.8,0.9
p95_wait_minutes,190,1.5,False,0.050000000000000475,480.20680197198294,0.8166666666666667,0.9
p95_wait_minutes,191,1.5,False,0.05500000000000048,464.9139195434075,0.8,0.9
p95_wait_minutes,192,1.5,False,0.060000000000000484,455.5340567137343,0.7833333333333333,0.9
p95_wait_minutes,193,1.5,False,0.06500000000000049,442.20580656279276,0.7833333333333333,0.9
p95_wait_minutes,194,1.5,False,0.07000000000000049,420.1236543936095,0.7833333333333333,0.9
p95_wait_minutes,195,1.5,False,0.0750000000000005,401.18346193469256,0.7833333333333333,0.9
p95_wait_minutes,196,1.5,False,0.03000000000000049,573.3512163679042,0.7833333333333333,0.9
p95_wait_minutes,197,1.5,False,0.03500000000000049,550.8230280676478,0.7833333333333333,0.9
p95_wait_minutes,198,1.5,False,0.040000000000000493,518.8370165695899,0.7833333333333333,0.9
p95_wait_minutes,199,1.5,False,0.0450000000000005,494.53622551905823,0.7833333333333333,0.9
p95_wait_minutes,200,1.5,False,0.0500000000000005,480.20680197198294,0.7666666666666667,0.9
p95_wait_minutes,201,1.5,False,0.05500000000000051,464.9139195434075,0.7666666666666667,0.9166666666666666
p95_wait_minutes,202,1.5,False,0.06000000000000051,455.5340567137343,0.7666666666666667,0.9166666666666666
p95_wait_minutes,203,1.5,False,0.06500000000000052,442.20580656279276,0.7666666666666667,0.9166666666666666
p95_wait_minutes,204,1.5,False,0.07000000000000052,420.1236543936095,0.7666666666666667,0.9166666666666666
p95_wait_minutes,205,1.5,False,0.07500000000000052,401.18346193469256,0.7666666666666667,0.9166666666666666
p95_wait_minutes,206,1.5,False,0.08000000000000053,386.6357350888642,0.7666666666666667,0.9166666666666666
p95_wait_minutes,207,1.5,False,0.08500000000000053,382.5945171034088,0.75,0.9
p95_wait_minutes,208,1.5,False,0.04000000000000053,518.8370165695899,0.75,0.9
p95_wait_minutes,209,1.5,False,0.045000000000000526,494.53622551905823,0.7666666666666667,0.9
p95_wait_minutes,210,1.5,False,0.05000000000000053,480.20680197198294,0.7666666666666667,0.9166666666666666
p95_wait_minutes,211,1.5,False,0.055000000000000535,464.9139195434075,0.7666666666666667,0.9166666666666666
p95_wait_minutes,212,1.5,False,0.06000000000000054,455.5340567137343,0.7666666666666667,0.9
p95_wait_minutes,213,1.5,False,0.015000000000000534,674.9077962831193,0.7666666666666667,0.9
p95_wait_minutes,214,1.5,False,0.020000000000000535,634.8108796483285,0.7666666666666667,0.9
p95_wait_minutes,215,1.5,False,0.025000000000000536,597.8048863203101,0.75,0.9
p95_wait_minutes,216,1.5,False,0.030000000000000537,573.3512163679042,0.7666666666666667,0.9
p95_wait_minutes,217,1.5,False,0.03500000000000054,550.8230280676478,0.75,0.8833333333333333
p95_wait_minutes,218,1.5,False,-0.009999999999999468,938.5308597916776,0.75,0.8833333333333333
p95_wait_minutes,219,1.5,False,-0.004999999999999467,938.5308597916776,0.7333333333333333,0.8833333333333333
p95_wait_minutes,220,1.5,False,5.342948306008566e-16,938.5308597916776,0.7333333333333333,0.8833333333333333
p95_wait_minutes,221,1.5,False,0.005000000000000535,825.7677727273006,0.7333333333333333,0.8833333333333333
p95_wait_minutes,222,1.5,False,0.010000000000000536,725.2148612736339,0.7333333333333333,0.8833333333333333
p95_wait_minutes,223,1.5,False,0.015000000000000537,674.9077962831193,0.7333333333333333,0.9
p95_wait_minutes,224,1.5,False,0.020000000000000538,634.8108796483285,0.7166666666666667,0.9
p95_wait_minutes,225,1.5,False,0.02500000000000054,597.8048863203101,0.7166666666666667,0.9
p95_wait_minutes,226,1.5,False,0.03000000000000054,573.3512163679042,0.7,0.9
p95_wait_minutes,227,1.5,False,0.035000000000000545,550.8230280676478,0.7,0.9
p95_wait_minutes,228,1.5,False,0.04000000000000055,518.8370165695899,0.6833333333333333,0.9
p95_wait_minutes,229,1.5,False,0.04500000000000055,494.53622551905823,0.6833333333333333,0.9
p95_wait_minutes,230,1.5,False,0.05000000000000056,480.20680197198294,0.6666666666666666,0.9
p95_wait_minutes,231,1.5,False,0.05500000000000056,464.9139195434075,0.6666666666666666,0.9
p95_wait_minutes,232,1.5,False,0.010000000000000557,725.2148612736339,0.65,0.9
p95_wait_minutes,233,1.5,False,0.015000000000000558,674.9077962831193,0.65,0.9
p95_wait_minutes,234,1.5,False,0.02000000000000056,634.8108796483285,0.65,0.9
p95_wait_minutes,235,1.5,False,0.02500000000000056,597.8048863203101,0.6333333333333333,0.8833333333333333
p95_wait_minutes,236,1.5,False,-0.019999999999999445,938.5308597916776,0.65,0.8833333333333333
p95_wait_minutes,237,1.5,False,-0.014999999999999444,938.5308597916776,0.6333333333333333,0.8833333333333333
p95_wait_minutes,238,1.5,False,-0.009999999999999443,938.5308597916776,0.6333333333333333,0.8833333333333333
p95_wait_minutes,239,1.5,False,-0.004999999999999442,938.5308597916776,0.6166666666666667,0.8833333333333333
p95_wait_minutes,240,1.8,False,5.585809592645319e-16,938.5308597916776,0.6166666666666667,0.8833333333333333
p95_wait_minutes,241,1.8,False,0.0050000000000005596,825.7677727273006,0.6,0.8833333333333333
p95_wait_minutes,242,1.8,False,0.01000000000000056,725.2148612736339,0.6,0.8833333333333333
p95_wait_minutes,243,1.8,False,0.015000000000000561,674.9077962831193,0.6,0.8833333333333333
p95_wait_minutes,244,1.8,False,0.020000000000000562,634.8108796483285,0.5833333333333334,0.8833333333333333
p95_wait_minutes,245,1.8,False,0.025000000000000563,597.8048863203101,0.6,0.9
p95_wait_minutes,246,1.8,False,0.030000000000000564,573.3512163679042,0.5833333333333334,0.8833333333333333
p95_wait_minutes,247,1.8,False,-0.01499999999999944,938.5308597916776,0.5666666666666667,0.8833333333333333
p95_wait_minutes,248,1.8,False,-0.00999999999999944,938.5308597916776,0.5666666666666667,0.8833333333333333
p95_wait_minutes,249,1.8,False,-0.004999999999999439,938.5308597916776,0.55,0.8833333333333333
p95_wait_minutes,250,1.8,False,5.620504062164855e-16,938.5308597916776,0.55,0.8833333333333333
p95_wait_minutes,251,1.8,False,0.005000000000000563,825.7677727273006,0.55,0.8833333333333333
p95_wait_minutes,252,1.8,False,0.010000000000000564,725.2148612736339,0.55,0.8666666666666667
p95_wait_minutes,253,1.8,False,-0.03499999999999944,938.5308597916776,0.55,0.8666666666666667
p95_wait_minutes,254,1.8,False,-0.02999999999999944,938.5308597916776,0.55,0.8666666666666667
p95_wait_minutes,255,1.8,False,-0.02499999999999944,938.5308597916776,0.5666666666666667,0.8833333333333333
p95_wait_minutes,256,1.8,False,-0.01999999999999944,938.5308597916776,0.5666666666666667,0.8833333333333333
p95_wait_minutes,257,1.8,False,-0.014999999999999437,938.5308597916776,0.5666666666666667,0.8833333333333333
p95_wait_minutes,258,1.8,False,-0.009999999999999436,938.5308597916776,0.55,0.8833333333333333
p95_wait_minutes,259,1.8,False,-0.0049999999999994355,938.5308597916776,0.5333333333333333,0.8833333333333333
p95_wait_minutes,260,1.8,False,5.655198531684391e-16,938.5308597916776,0.55,0.8833333333333333
p95_wait_minutes,261,1.8,False,0.0050000000000005665,825.7677727273006,0.5666666666666667,0.8833333333333333
p95_wait_minutes,262,1.8,False,0.010000000000000567,725.2148612736339,0.55,0.8833333333333333
p95_wait_minutes,263,1.8,False,0.015000000000000568,674.9077962831193,0.55,0.8833333333333333
p95_wait_minutes,264,1.8,False,0.02000000000000057,634.8108796483285,0.5333333333333333,0.8666666666666667
p95_wait_minutes,265,1.8,False,-0.024999999999999436,938.5308597916776,0.5166666666666667,0.85
p95_wait_minutes,266,1.8,False,-0.06999999999999944,938.5308597916776,0.5,0.85
p95_wait_minutes,267,1.8,False,-0.06499999999999943,938.5308597916776,0.5,0.8666666666666667
p95_wait_minutes,268,1.8,False,-0.05999999999999943,938.5308597916776,0.48333333333333334,0.8666666666666667
p95_wait_minutes,269,1.8,False,-0.054999999999999424,938.5308597916776,0.48333333333333334,0.8666666666666667
p95_wait_minutes,270,1.8,False,-0.04999999999999942,938.5308597916776,0.5,0.8666666666666667
p95_wait_minutes,271,1.8,False,-0.044999999999999415,938.5308597916776,0.48333333333333334,0.8666666666666667
p95_wait_minutes,272,1.8,False,-0.03999999999999941,938.5308597916776,0.5,0.8833333333333333
p95_wait_minutes,273,1.8,False,-0.03499999999999941,938.5308597916776,0.48333333333333334,0.8833333333333333
p95_wait_minutes,274,1.8,False,-0.029999999999999406,938.5308597916776,0.4666666666666667,0.8833333333333333
p95_wait_minutes,275,1.8,False,-0.024999999999999405,938.5308597916776,0.48333333333333334,0.8833333333333333
p95_wait_minutes,276,1.8,False,-0.019999999999999404,938.5308597916776,0.48333333333333334,0.8833333333333333
p95_wait_minutes,277,1.8,False,-0.014999999999999403,938.5308597916776,0.5,0.9
p95_wait_minutes,278,1.8,False,-0.009999999999999402,938.5308597916776,0.5,0.9
p95_wait_minutes,279,1.8,False,-0.004999999999999401,938.5308597916776,0.5,0.9
p95_wait_minutes,280,1.8,False,6.002143226879753e-16,938.5308597916776,0.48333333333333334,0.9
p95_wait_minutes,281,1.8,False,0.005000000000000601,825.7677727273006,0.48333333333333334,0.8833333333333333
p95_wait_minutes,282,1.8,False,-0.039999999999999404,938.5308597916776,0.48333333333333334,0.8833333333333333
p95_wait_minutes,283,1.8,False,-0.03499999999999941,938.5308597916776,0.48333333333333334,0.8833333333333333
p95_wait_minutes,284,1.8,False,-0.029999999999999406,938.5308597916776,0.48333333333333334,0.8833333333333333
p95_wait_minutes,285,1.8,False,-0.024999999999999405,938.5308597916776,0.48333333333333334,0.8833333333333333
p95_wait_minutes,286,1.8,False,-0.019999999999999404,938.5308597916776,0.48333333333333334,0.8833333333333333
p95_wait_minutes,287,1.8,False,-0.014999999999999403,938.5308597916776,0.4666666666666667,0.8833333333333333
p95_wait_minutes,288,1.8,False,-0.009999999999999402,938.5308597916776,0.48333333333333334,0.8833333333333333
p95_wait_minutes,289,1.8,False,-0.004999999999999401,938.5308597916776,0.4666666666666667,0.8833333333333333
p95_wait_minutes,290,1.8,False,6.002143226879753e-16,938.5308597916776,0.4666666666666667,0.8833333333333333
p95_wait_minutes,291,1.8,False,0.005000000000000601,825.7677727273006,0.48333333333333334,0.9
p95_wait_minutes,292,1.8,False,0.010000000000000602,725.2148612736339,0.5,0.9
p95_wait_minutes,293,1.8,False,0.015000000000000603,674.9077962831193,0.5,0.9
p95_wait_minutes,294,1.8,False,0.020000000000000604,634.8108796483285,0.48333333333333334,0.8833333333333333
p95_wait_minutes,295,1.8,False,-0.0249999999999994,938.5308597916776,0.48333333333333334,0.9
p95_wait_minutes,296,1.8,False,-0.0199999999999994,938.5308597916776,0.4666666666666667,0.9
p95_wait_minutes,297,1.8,False,-0.0149999999999994,938.5308597916776,0.48333333333333334,0.9
p95_wait_minutes,298,1.8,False,-0.009999999999999398,938.5308597916776,0.48333333333333334,0.9
p95_wait_minutes,299,1.8,False,-0.004999999999999397,938.5308597916776,0.5,0.9
p95_wait_minutes,300,2.0,False,6.036837696399289e-16,938.5308597916776,0.48333333333333334,0.9
p95_wait_minutes,301,2.0,False,0.005000000000000605,825.7677727273006,0.48333333333333334,0.9
p95_wait_minutes,302,2.0,False,0.010000000000000606,725.2148612736339,0.4666666666666667,0.9
p95_wait_minutes,303,2.0,False,0.015000000000000607,674.9077962831193,0.4666666666666667,0.9
p95_wait_minutes,304,2.0,False,0.020000000000000608,634.8108796483285,0.4666666666666667,0.9
p95_wait_minutes,305,2.0,False,0.02500000000000061,597.8048863203101,0.45,0.8833333333333333
p95_wait_minutes,306,2.0,False,-0.019999999999999397,938.5308597916776,0.4666666666666667,0.9
p95_wait_minutes,307,2.0,False,-0.014999999999999396,938.5308597916776,0.48333333333333334,0.9
p95_wait_minutes,308,2.0,False,-0.009999999999999395,938.5308597916776,0.4666666666666667,0.9
p95_wait_minutes,309,2.0,False,-0.004999999999999394,938.5308597916776,0.48333333333333334,0.9
p95_wait_minutes,310,2.0,False,6.071532165918825e-16,938.5308597916776,0.4666666666666667,0.9
p95_wait_minutes,311,2.0,False,0.005000000000000608,825.7677727273006,0.4666666666666667,0.9
p95_wait_minutes,312,2.0,False,0.010000000000000609,725.2148612736339,0.4666666666666667,0.9166666666666666
p95_wait_minutes,313,2.0,False,0.01500000000000061,674.9077962831193,0.45,0.9166666666666666
p95_wait_minutes,314,2.0,False,0.02000000000000061,634.8108796483285,0.43333333333333335,0.9
p95_wait_minutes,315,2.0,False,-0.024999999999999394,938.5308597916776,0.4166666666666667,0.9
p95_wait_minutes,316,2.0,False,-0.019999999999999393,938.5308597916776,0.4,0.9
p95_wait_minutes,317,2.0,False,-0.014999999999999392,938.5308597916776,0.38333333333333336,0.9
p95_wait_minutes,318,2.0,False,-0.009999999999999391,938.5308597916776,0.38333333333333336,0.9
p95_wait_minutes,319,2.0,False,-0.00499999999999939,938.5308597916776,0.38333333333333336,0.9
p95_wait_minutes,320,2.0,False,6.106226635438361e-16,938.5308597916776,0.36666666666666664,0.9
p95_wait_minutes,321,2.0,False,0.005000000000000612,825.7677727273006,0.35,0.9
p95_wait_minutes,322,2.0,False,0.010000000000000613,725.2148612736339,0.36666666666666664,0.9
p95_wait_minutes,323,2.0,False,0.015000000000000614,674.9077962831193,0.35,0.9
p95_wait_minutes,324,2.0,False,0.020000000000000615,634.8108796483285,0.36666666666666664,0.9166666666666666
p95_wait_minutes,325,2.0,False,0.025000000000000615,597.8048863203101,0.36666666666666664,0.9333333333333333
p95_wait_minutes,326,2.0,False,0.030000000000000616,573.3512163679042,0.36666666666666664,0.9166666666666666
p95_wait_minutes,327,2.0,False,-0.014999999999999389,938.5308597916776,0.38333333333333336,0.9166666666666666
p95_wait_minutes,328,2.0,False,-0.009999999999999388,938.5308597916776,0.38333333333333336,0.9166666666666666
p95_wait_minutes,329,2.0,False,-0.004999999999999387,938.5308597916776,0.38333333333333336,0.9166666666666666
p95_wait_minutes,330,2.0,False,6.140921104957897e-16,938.5308597916776,0.36666666666666664,0.9166666666666666
p95_wait_minutes,331,2.0,False,0.005000000000000615,825.7677727273006,0.36666666666666664,0.9166666666666666
p95_wait_minutes,332,2.0,False,0.010000000000000616,725.2148612736339,0.35,0.9
p95_wait_minutes,333,2.0,False,-0.03499999999999939,938.5308597916776,0.35,0.9
p95_wait_minutes,334,2.0,False,-0.029999999999999392,938.5308597916776,0.35,0.9
p95_wait_minutes,335,2.0,False,-0.02499999999999939,938.5308597916776,0.35,0.9
p95_wait_minutes,336,2.0,False,-0.01999999999999939,938.5308597916776,0.3333333333333333,0.9
p95_wait_minutes,337,2.0,False,-0.014999999999999389,938.5308597916776,0.31666666666666665,0.9
p95_wait_minutes,338,2.0,False,-0.009999999999999388,938.5308597916776,0.3,0.9
p95_wait_minutes,339,2.0,False,-0.004999999999999387,938.5308597916776,0.3,0.8833333333333333
p95_wait_minutes,340,2.0,False,-0.04999999999999939,938.5308597916776,0.3,0.8833333333333333
p95_wait_minutes,341,2.0,False,-0.04499999999999939,938.5308597916776,0.31666666666666665,0.9
p95_wait_minutes,342,2.0,False,-0.03999999999999938,938.5308597916776,0.3,0.9
p95_wait_minutes,343,2.0,False,-0.03499999999999938,938.5308597916776,0.3,0.9
p95_wait_minutes,344,2.0,False,-0.029999999999999378,938.5308597916776,0.3,0.9
p95_wait_minutes,345,2.0,False,-0.024999999999999377,938.5308597916776,0.3,0.9
p95_wait_minutes,346,2.0,False,-0.019999999999999376,938.5308597916776,0.31666666666666665,0.9
p95_wait_minutes,347,2.0,False,-0.014999999999999375,938.5308597916776,0.31666666666666665,0.9
p95_wait_minutes,348,2.0,False,-0.009999999999999374,938.5308597916776,0.3,0.9
p95_wait_minutes,349,2.0,False,-0.004999999999999373,938.5308597916776,0.3,0.9
p95_wait_minutes,350,2.0,False,6.279698983036042e-16,938.5308597916776,0.3,0.9
p95_wait_minutes,351,2.0,False,0.005000000000000629,825.7677727273006,0.2833333333333333,0.9
p95_wait_minutes,352,2.0,False,0.01000000000000063,725.2148612736339,0.26666666666666666,0.8833333333333333
p95_wait_minutes,353,2.0,False,-0.03499999999999938,938.5308597916776,0.26666666666666666,0.8833333333333333
p95_wait_minutes,354,2.0,False,-0.029999999999999378,938.5308597916776,0.26666666666666666,0.9
p95_wait_minutes,355,2.0,False,-0.024999999999999377,938.5308597916776,0.2833333333333333,0.9
p95_wait_minutes,356,2.0,False,-0.019999999999999376,938.5308597916776,0.2833333333333333,0.9
p95_wait_minutes,357,2.0,False,-0.014999999999999375,938.5308597916776,0.26666666666666666,0.9
p95_wait_minutes,358,2.0,False,-0.009999999999999374,938.5308597916776,0.26666666666666666,0.9
p95_wait_minutes,359,2.0,False,-0.004999999999999373,938.5308597916776,0.25,0.9
p95_wait_minutes,360,2.5,False,6.279698983036042e-16,938.5308597916776,0.26666666666666666,0.9
p95_wait_minutes,361,2.5,False,0.005000000000000629,825.7677727273006,0.2833333333333333,0.9
p95_wait_minutes,362,2.5,False,0.01000000000000063,725.2148612736339,0.2833333333333333,0.9
p95_wait_minutes,363,2.5,False,0.015000000000000631,674.9077962831193,0.26666666666666666,0.8833333333333333
p95_wait_minutes,364,2.5,False,-0.029999999999999374,938.5308597916776,0.26666666666666666,0.8666666666666667
p95_wait_minutes,365,2.5,False,-0.07499999999999937,938.5308597916776,0.26666666666666666,0.8833333333333333
p95_wait_minutes,366,2.5,False,-0.06999999999999937,938.5308597916776,0.26666666666666666,0.8833333333333333
p95_wait_minutes,367,2.5,False,-0.06499999999999936,938.5308597916776,0.26666666666666666,0.8833333333333333
p95_wait_minutes,368,2.5,False,-0.05999999999999936,938.5308597916776,0.2833333333333333,0.8833333333333333
p95_wait_minutes,369,2.5,False,-0.054999999999999355,938.5308597916776,0.26666666666666666,0.8833333333333333
p95_wait_minutes,370,2.5,False,-0.04999999999999935,938.5308597916776,0.2833333333333333,0.8833333333333333
p95_wait_minutes,371,2.5,False,-0.044999999999999346,938.5308597916776,0.3,0.8833333333333333
p95_wait_minutes,372,2.5,False,-0.03999999999999934,938.5308597916776,0.3,0.8666666666666667
p95_wait_minutes,373,2.5,False,-0.08499999999999935,938.5308597916776,0.31666666666666665,0.8666666666666667
p95_wait_minutes,374,2.5,False,-0.07999999999999935,938.5308597916776,0.3333333333333333,0.8833333333333333
p95_wait_minutes,375,2.5,False,-0.07499999999999934,938.5308597916776,0.35,0.8833333333333333
p95_wait_minutes,376,2.5,False,-0.06999999999999934,938.5308597916776,0.35,0.8666666666666667
p95_wait_minutes,377,2.5,False,-0.11499999999999935,938.5308597916776,0.35,0.8666666666666667
p95_wait_minutes,378,2.5,False,-0.10999999999999935,938.5308597916776,0.36666666666666664,0.8666666666666667
p95_wait_minutes,379,2.5,False,-0.10499999999999934,938.5308597916776,0.38333333333333336,0.8666666666666667
p95_wait_minutes,380,2.5,False,-0.09999999999999934,938.5308597916776,0.38333333333333336,0.8666666666666667
p95_wait_minutes,381,2.5,False,-0.09499999999999933,938.5308597916776,0.4,0.8666666666666667
p95_wait_minutes,382,2.5,False,-0.08999999999999933,938.5308597916776,0.4,0.8666666666666667
p95_wait_minutes,383,2.5,False,-0.08499999999999933,938.5308597916776,0.4166666666666667,0.8666666666666667
p95_wait_minutes,384,2.5,False,-0.07999999999999932,938.5308597916776,0.4,0.85
p95_wait_minutes,385,2.5,False,-0.12499999999999933,938.5308597916776,0.4,0.85
p95_wait_minutes,386,2.5,False,-0.11999999999999933,938.5308597916776,0.4,0.8666666666666667
p95_wait_minutes,387,2.5,False,-0.11499999999999932,938.5308597916776,0.38333333333333336,0.85
p95_wait_minutes,388,2.5,False,-0.15999999999999934,938.5308597916776,0.4,0.85
p95_wait_minutes,389,2.5,False,-0.15499999999999933,938.5308597916776,0.4,0.85
p95_wait_minutes,390,2.5,False,-0.14999999999999933,938.5308597916776,0.4166666666666667,0.85
p95_wait_minutes,391,2.5,False,-0.14499999999999932,938.5308597916776,0.4166666666666667,0.8333333333333334
p95_wait_minutes,392,2.5,False,-0.18999999999999934,938.5308597916776,0.43333333333333335,0.85
p95_wait_minutes,393,2.5,False,-0.18499999999999933,938.5308597916776,0.45,0.85
p95_wait_minutes,394,2.5,False,-0.17999999999999933,938.5308597916776,0.45,0.85
p95_wait_minutes,395,2.5,False,-0.17499999999999932,938.5308597916776,0.45,0.85
p95_wait_minutes,396,2.5,False,-0.16999999999999932,938.5308597916776,0.4666666666666667,0.85
p95_wait_minutes,397,2.5,False,-0.16499999999999931,938.5308597916776,0.48333333333333334,0.85
p95_wait_minutes,398,2.5,False,-0.1599999999999993,938.5308597916776,0.5,0.85
p95_wait_minutes,399,2.5,False,-0.1549999999999993,938.5308597916776,0.5166666666666667,0.8666666666666667
p95_wait_minutes,400,2.5,False,-0.1499999999999993,938.5308597916776,0.5333333333333333,0.8666666666666667
p95_wait_minutes,401,2.5,False,-0.1449999999999993,938.5308597916776,0.5333333333333333,0.8666666666666667
p95_wait_minutes,402,2.5,False,-0.1399999999999993,938.5308597916776,0.5333333333333333,0.8666666666666667
p95_wait_minutes,403,2.5,False,-0.1349999999999993,938.5308597916776,0.55,0.8666666666666667
p95_wait_minutes,404,2.5,False,-0.12999999999999928,938.5308597916776,0.55,0.85
p95_wait_minutes,405,2.5,False,-0.1749999999999993,938.5308597916776,0.5333333333333333,0.8333333333333334
p95_wait_minutes,406,2.5,False,-0.2199999999999993,938.5308597916776,0.5333333333333333,0.8333333333333334
p95_wait_minutes,407,2.5,False,-0.2149999999999993,938.5308597916776,0.55,0.8333333333333334
p95_wait_minutes,408,2.5,False,-0.2099999999999993,938.5308597916776,0.5666666666666667,0.8333333333333334
p95_wait_minutes,409,2.5,False,-0.2049999999999993,938.5308597916776,0.5833333333333334,0.8333333333333334
p95_wait_minutes,410,2.5,False,-0.1999999999999993,938.5308597916776,0.6,0.8333333333333334
p95_wait_minutes,411,2.5,False,-0.19499999999999929,938.5308597916776,0.6,0.8333333333333334
p95_wait_minutes,412,2.5,False,-0.18999999999999928,938.5308597916776,0.6166666666666667,0.85
p95_wait_minutes,413,2.5,False,-0.18499999999999928,938.5308597916776,0.6,0.8333333333333334
p95_wait_minutes,414,2.5,False,-0.2299999999999993,938.5308597916776,0.6166666666666667,0.8333333333333334
p95_wait_minutes,415,2.5,False,-0.22499999999999928,938.5308597916776,0.6166666666666667,0.8333333333333334
p95_wait_minutes,416,2.5,False,-0.21999999999999928,938.5308597916776,0.6333333333333333,0.8333333333333334
p95_wait_minutes,417,2.5,False,-0.21499999999999928,938.5308597916776,0.6333333333333333,0.8333333333333334
p95_wait_minutes,418,2.5,False,-0.20999999999999927,938.5308597916776,0.6333333333333333,0.8333333333333334
p95_wait_minutes,419,2.5,False,-0.20499999999999927,938.5308597916776,0.65,0.8333333333333334
p95_wait_minutes,420,3.0,False,-0.19999999999999926,938.5308597916776,0.65,0.8333333333333334
p95_wait_minutes,421,3.0,False,-0.19499999999999926,938.5308597916776,0.6333333333333333,0.8166666666666667
p95_wait_minutes,422,3.0,False,-0.23999999999999927,938.5308597916776,0.65,0.8166666666666667
p95_wait_minutes,423,3.0,False,-0.23499999999999927,938.5308597916776,0.6666666666666666,0.8333333333333334
p95_wait_minutes,424,3.0,False,-0.22999999999999926,938.5308597916776,0.6833333333333333,0.85
p95_wait_minutes,425,3.0,False,-0.22499999999999926,938.5308597916776,0.7,0.85
p95_wait_minutes,426,3.0,False,-0.21999999999999925,938.5308597916776,0.7,0.85
p95_wait_minutes,427,3.0,False,-0.21499999999999925,938.5308597916776,0.7,0.85
p95_wait_minutes,428,3.0,False,-0.20999999999999924,938.5308597916776,0.6833333333333333,0.8333333333333334
p95_wait_minutes,429,3.0,False,-0.2549999999999992,938.5308597916776,0.7,0.8333333333333334
p95_wait_minutes,430,3.0,False,-0.24999999999999922,938.5308597916776,0.7,0.8333333333333334
p95_wait_minutes,431,3.0,False,-0.24499999999999922,938.5308597916776,0.6833333333333333,0.8333333333333334
p95_wait_minutes,432,3.0,False,-0.23999999999999921,938.5308597916776,0.7,0.85
p95_wait_minutes,433,3.0,False,-0.2349999999999992,938.5308597916776,0.7,0.85
p95_wait_minutes,434,3.0,False,-0.2299999999999992,938.5308597916776,0.7,0.85
p95_wait_minutes,435,3.0,False,-0.2249999999999992,938.5308597916776,0.7,0.85
p95_wait_minutes,436,3.0,False,-0.2199999999999992,938.5308597916776,0.7166666666666667,0.8666666666666667
p95_wait_minutes,437,3.0,False,-0.2149999999999992,938.5308597916776,0.7333333333333333,0.8666666666666667
p95_wait_minutes,438,3.0,False,-0.2099999999999992,938.5308597916776,0.7333333333333333,0.8666666666666667
p95_wait_minutes,439,3.0,False,-0.20499999999999918,938.5308597916776,0.7333333333333333,0.8666666666666667
p95_wait_minutes,440,3.0,False,-0.19999999999999918,938.5308597916776,0.75,0.8666666666666667
p95_wait_minutes,441,3.0,False,-0.19499999999999917,938.5308597916776,0.75,0.8666666666666667
p95_wait_minutes,442,3.0,False,-0.18999999999999917,938.5308597916776,0.75,0.8666666666666667
p95_wait_minutes,443,3.0,False,-0.18499999999999917,938.5308597916776,0.75,0.8666666666666667
p95_wait_minutes,444,3.0,False,-0.17999999999999916,938.5308597916776,0.7666666666666667,0.8833333333333333
p95_wait_minutes,445,3.0,False,-0.17499999999999916,938.5308597916776,0.7833333333333333,0.8833333333333333
p95_wait_minutes,446,3.0,False,-0.16999999999999915,938.5308597916776,0.8,0.8833333333333333
p95_wait_minutes,447,3.0,False,-0.16499999999999915,938.5308597916776,0.8166666666666667,0.9
p95_wait_minutes,448,3.0,False,-0.15999999999999914,938.5308597916776,0.8166666666666667,0.9
p95_wait_minutes,449,3.0,False,-0.15499999999999914,938.5308597916776,0.8166666666666667,0.9
p95_wait_minutes,450,3.0,False,-0.14999999999999913,938.5308597916776,0.8166666666666667,0.9
p95_wait_minutes,451,3.0,False,-0.14499999999999913,938.5308597916776,0.8333333333333334,0.9166666666666666
p95_wait_minutes,452,3.0,False,-0.13999999999999913,938.5308597916776,0.8333333333333334,0.9166666666666666
p95_wait_minutes,453,3.0,False,-0.13499999999999912,938.5308597916776,0.8333333333333334,0.9166666666666666
p95_wait_minutes,454,3.0,False,-0.12999999999999912,938.5308597916776,0.85,0.9166666666666666
p95_wait_minutes,455,3.0,False,-0.12499999999999911,938.5308597916776,0.85,0.9166666666666666
p95_wait_minutes,456,3.0,False,-0.11999999999999911,938.5308597916776,0.85,0.9166666666666666
p95_wait_minutes,457,3.0,False,-0.1149999999999991,938.5308597916776,0.85,0.9166666666666666
p95_wait_minutes,458,3.0,False,-0.1099999999999991,938.5308597916776,0.85,0.9166666666666666
p95_wait_minutes,459,3.0,False,-0.1049999999999991,938.5308597916776,0.85,0.9166666666666666
p95_wait_minutes,460,3.0,False,-0.09999999999999909,938.5308597916776,0.85,0.9166666666666666
p95_wait_minutes,461,3.0,False,-0.09499999999999909,938.5308597916776,0.85,0.9166666666666666
p95_wait_minutes,462,3.0,False,-0.08999999999999908,938.5308597916776,0.8666666666666667,0.9166666666666666
p95_wait_minutes,463,3.0,False,-0.08499999999999908,938.5308597916776,0.8666666666666667,0.9166666666666666
p95_wait_minutes,464,3.0,False,-0.07999999999999907,938.5308597916776,0.8833333333333333,0.9333333333333333
p95_wait_minutes,465,3.0,False,-0.07499999999999907,938.5308597916776,0.9,0.95
p95_wait_minutes,466,3.0,False,-0.06999999999999906,938.5308597916776,0.9,0.95
p95_wait_minutes,467,3.0,False,-0.06499999999999906,938.5308597916776,0.9,0.95
p95_wait_minutes,468,3.0,False,-0.059999999999999054,938.5308597916776,0.9,0.95
p95_wait_minutes,469,3.0,False,-0.05499999999999905,938.5308597916776,0.9,0.95
p95_wait_minutes,470,3.0,False,-0.049999999999999045,938.5308597916776,0.9,0.95
p95_wait_minutes,471,3.0,False,-0.04499999999999904,938.5308597916776,0.9,0.95
p95_wait_minutes,472,3.0,False,-0.039999999999999036,938.5308597916776,0.9,0.95
p95_wait_minutes,473,3.0,False,-0.03499999999999903,938.5308597916776,0.9,0.9666666666666667
p95_wait_minutes,474,3.0,False,-0.02999999999999903,938.5308597916776,0.8833333333333333,0.95
p95_wait_minutes,475,3.0,False,-0.07499999999999904,938.5308597916776,0.8666666666666667,0.9333333333333333
p95_wait_minutes,476,3.0,False,-0.11999999999999905,938.5308597916776,0.8666666666666667,0.9333333333333333
p95_wait_minutes,477,3.0,False,-0.11499999999999905,938.5308597916776,0.8833333333333333,0.9333333333333333
p95_wait_minutes,478,3.0,False,-0.10999999999999904,938.5308597916776,0.8833333333333333,0.9333333333333333
p95_wait_minutes,479,3.0,False,-0.10499999999999904,938.5308597916776,0.8833333333333333,0.9333333333333333
