esi,proportion
1,0.014301650142329073
2,0.37901091449944224
3,0.3868351076295257
4,0.16424868685416816
5,0.055603640874534815
