esi,proportion
1,0.009445745651211675
2,0.2930564540552552
3,0.42332746147601646
4,0.22400807126511346
5,0.05016226755240319
