target,target_coverage,pooled_coverage_min,pooled_coverage_max,pooled_coverage_range,pooled_coverage_std,mondrian_coverage_min,mondrian_coverage_max,mondrian_coverage_range,mondrian_coverage_std
n_patients,0.9,0.8732394366197183,0.9886363636363636,0.11539692701664539,0.03861492731000606,0.8333333333333334,0.9724770642201835,0.13914373088685017,0.04825965143640731
mean_wait_minutes,0.9,0.6818181818181818,1.0,0.31818181818181823,0.09639532771816657,0.8547008547008547,0.98,0.12529914529914532,0.03637338333484098
mean_total_minutes,0.9,0.8068181818181818,1.0,0.19318181818181823,0.06529344271183468,0.868421052631579,0.97,0.10157894736842099,0.03635785154386223
p95_wait_minutes,0.9,0.7272727272727273,1.0,0.2727272727272727,0.09016521904935532,0.8632478632478633,0.9439252336448598,0.08067737039699652,0.02491381061944947
