esi,proportion
1,0.004058075570385066
2,0.23149066642618812
3,0.4566086512159197
4,0.2681035260167734
5,0.03973908077073376
